Province/State,Country/Region,Lat,Long,Date,Deaths
Anhui,Mainland China,31.82571,117.2264,1/21/2020,
Beijing,Mainland China,40.18238,116.4142,1/21/2020,
Chongqing,Mainland China,30.05718,107.874,1/21/2020,
Fujian,Mainland China,26.07783,117.9895,1/21/2020,
Gansu,Mainland China,36.0611,103.8343,1/21/2020,
Guangdong,Mainland China,23.33841,113.422,1/21/2020,
Guangxi,Mainland China,23.82908,108.7881,1/21/2020,
Guizhou,Mainland China,26.81536,106.8748,1/21/2020,
Hainan,Mainland China,19.19673,109.7455,1/21/2020,
Hebei,Mainland China,38.0428,114.5149,1/21/2020,
Heilongjiang,Mainland China,47.862,127.7622,1/21/2020,
Henan,Mainland China,33.88202,113.614,1/21/2020,
Hubei,Mainland China,30.97564,112.2707,1/21/2020,
Hunan,Mainland China,27.61041,111.7088,1/21/2020,
Inner Mongolia,Mainland China,44.09448,113.9456,1/21/2020,
Jiangsu,Mainland China,32.97027,119.464,1/21/2020,
Jiangxi,Mainland China,27.61401,115.7221,1/21/2020,
Jilin,Mainland China,43.66657,126.1917,1/21/2020,
Liaoning,Mainland China,41.29284,122.6086,1/21/2020,
Ningxia,Mainland China,37.26923,106.1655,1/21/2020,
Qinghai,Mainland China,35.65945,96.02564,1/21/2020,
Shaanxi,Mainland China,35.19165,108.8701,1/21/2020,
Shandong,Mainland China,36.34377,118.1529,1/21/2020,
Shanghai,Mainland China,31.20327,121.4554,1/21/2020,
Shanxi,Mainland China,37.57769,112.2922,1/21/2020,
Sichuan,Mainland China,30.61714,102.7103,1/21/2020,
Tianjin,Mainland China,39.29362,117.333,1/21/2020,
Tibet,Mainland China,30.1534,88.7879,1/21/2020,
Xinjiang,Mainland China,41.11981,85.17822,1/21/2020,
Yunnan,Mainland China,24.97411,101.4868,1/21/2020,
Zhejiang,Mainland China,29.18251,120.0985,1/21/2020,
,Thailand,13.7563,100.5018,1/21/2020,
,Japan,35.6762,139.6503,1/21/2020,
,South Korea,37.5665,126.978,1/21/2020,
Taiwan,Taiwan,23.6978,120.9605,1/21/2020,
"Seattle, WA",US,47.7511,-120.74,1/21/2020,
"Chicago, IL",US,40.6331,-89.3985,1/21/2020,
"Tempe, AZ",US,34.0489,-111.094,1/21/2020,
Macau,Macau,22.1987,113.5439,1/21/2020,
Hong Kong,Hong Kong,22.3193,114.1694,1/21/2020,
,Singapore,1.3521,103.8198,1/21/2020,
,Vietnam,21.0278,105.8342,1/21/2020,
,France,46.2276,2.2137,1/21/2020,
,Nepal,28.3949,84.124,1/21/2020,
,Malaysia,4.2105,101.9758,1/21/2020,
"Toronto, ON",Canada,43.6532,-79.3832,1/21/2020,
British Columbia,Canada,49.2827,-123.121,1/21/2020,
"Orange, CA",US,33.7879,-117.8531,1/21/2020,
"Los Angeles, CA",US,34.0522,-118.2437,1/21/2020,
New South Wales,Australia,-33.8688,151.2093,1/21/2020,
Victoria,Australia,-37.8136,144.9631,1/21/2020,
Queensland,Australia,-27.4698,153.0251,1/21/2020,
,Cambodia,12.5657,104.991,1/21/2020,
,Sri Lanka,7.8731,80.7718,1/21/2020,
,Germany,51.1657,10.4515,1/21/2020,
,Finland,61.9241,25.7482,1/21/2020,
,United Arab Emirates,23.4241,53.8478,1/21/2020,
,Philippines,12.8797,121.774,1/21/2020,
,India,20.5937,78.9629,1/21/2020,
"London, ON",Canada,42.9849,-81.2453,1/21/2020,
,Italy,41.8719,12.5674,1/21/2020,
,UK,55.3781,-3.436,1/21/2020,
,Russia,61.524,105.3188,1/21/2020,
,Sweden,60.1282,18.6435,1/21/2020,
"Santa Clara, CA",US,37.3541,-121.9552,1/21/2020,
,Spain,40.4637,-3.7492,1/21/2020,
South Australia,Australia,-34.9285,138.6007,1/21/2020,
"Boston, MA",US,42.3601,-71.0589,1/21/2020,
"San Benito, CA",US,36.5761,-120.9876,1/21/2020,
,Belgium,50.5039,4.4699,1/21/2020,
"Madison, WI",US,43.0731,-89.4012,1/21/2020,
Diamond Princess cruise ship,Others,35.4437,129.638,1/21/2020,
"San Diego County, CA",US,32.7157,-117.1611,1/21/2020,
"San Antonio, TX",US,29.4241,-98.4936,1/21/2020,
Anhui,Mainland China,31.82571,117.2264,1/22/2020,
Beijing,Mainland China,40.18238,116.4142,1/22/2020,
Chongqing,Mainland China,30.05718,107.874,1/22/2020,
Fujian,Mainland China,26.07783,117.9895,1/22/2020,
Gansu,Mainland China,36.0611,103.8343,1/22/2020,
Guangdong,Mainland China,23.33841,113.422,1/22/2020,
Guangxi,Mainland China,23.82908,108.7881,1/22/2020,
Guizhou,Mainland China,26.81536,106.8748,1/22/2020,
Hainan,Mainland China,19.19673,109.7455,1/22/2020,
Hebei,Mainland China,38.0428,114.5149,1/22/2020,
Heilongjiang,Mainland China,47.862,127.7622,1/22/2020,
Henan,Mainland China,33.88202,113.614,1/22/2020,
Hubei,Mainland China,30.97564,112.2707,1/22/2020,
Hunan,Mainland China,27.61041,111.7088,1/22/2020,
Inner Mongolia,Mainland China,44.09448,113.9456,1/22/2020,
Jiangsu,Mainland China,32.97027,119.464,1/22/2020,
Jiangxi,Mainland China,27.61401,115.7221,1/22/2020,
Jilin,Mainland China,43.66657,126.1917,1/22/2020,
Liaoning,Mainland China,41.29284,122.6086,1/22/2020,
Ningxia,Mainland China,37.26923,106.1655,1/22/2020,
Qinghai,Mainland China,35.65945,96.02564,1/22/2020,
Shaanxi,Mainland China,35.19165,108.8701,1/22/2020,
Shandong,Mainland China,36.34377,118.1529,1/22/2020,
Shanghai,Mainland China,31.20327,121.4554,1/22/2020,
Shanxi,Mainland China,37.57769,112.2922,1/22/2020,
Sichuan,Mainland China,30.61714,102.7103,1/22/2020,
Tianjin,Mainland China,39.29362,117.333,1/22/2020,
Tibet,Mainland China,30.1534,88.7879,1/22/2020,
Xinjiang,Mainland China,41.11981,85.17822,1/22/2020,
Yunnan,Mainland China,24.97411,101.4868,1/22/2020,
Zhejiang,Mainland China,29.18251,120.0985,1/22/2020,
,Thailand,13.7563,100.5018,1/22/2020,
,Japan,35.6762,139.6503,1/22/2020,
,South Korea,37.5665,126.978,1/22/2020,
Taiwan,Taiwan,23.6978,120.9605,1/22/2020,
"Seattle, WA",US,47.7511,-120.74,1/22/2020,
"Chicago, IL",US,40.6331,-89.3985,1/22/2020,
"Tempe, AZ",US,34.0489,-111.094,1/22/2020,
Macau,Macau,22.1987,113.5439,1/22/2020,
Hong Kong,Hong Kong,22.3193,114.1694,1/22/2020,
,Singapore,1.3521,103.8198,1/22/2020,
,Vietnam,21.0278,105.8342,1/22/2020,
,France,46.2276,2.2137,1/22/2020,
,Nepal,28.3949,84.124,1/22/2020,
,Malaysia,4.2105,101.9758,1/22/2020,
"Toronto, ON",Canada,43.6532,-79.3832,1/22/2020,
British Columbia,Canada,49.2827,-123.121,1/22/2020,
"Orange, CA",US,33.7879,-117.8531,1/22/2020,
"Los Angeles, CA",US,34.0522,-118.2437,1/22/2020,
New South Wales,Australia,-33.8688,151.2093,1/22/2020,
Victoria,Australia,-37.8136,144.9631,1/22/2020,
Queensland,Australia,-27.4698,153.0251,1/22/2020,
,Cambodia,12.5657,104.991,1/22/2020,
,Sri Lanka,7.8731,80.7718,1/22/2020,
,Germany,51.1657,10.4515,1/22/2020,
,Finland,61.9241,25.7482,1/22/2020,
,United Arab Emirates,23.4241,53.8478,1/22/2020,
,Philippines,12.8797,121.774,1/22/2020,
,India,20.5937,78.9629,1/22/2020,
"London, ON",Canada,42.9849,-81.2453,1/22/2020,
,Italy,41.8719,12.5674,1/22/2020,
,UK,55.3781,-3.436,1/22/2020,
,Russia,61.524,105.3188,1/22/2020,
,Sweden,60.1282,18.6435,1/22/2020,
"Santa Clara, CA",US,37.3541,-121.9552,1/22/2020,
,Spain,40.4637,-3.7492,1/22/2020,
South Australia,Australia,-34.9285,138.6007,1/22/2020,
"Boston, MA",US,42.3601,-71.0589,1/22/2020,
"San Benito, CA",US,36.5761,-120.9876,1/22/2020,
,Belgium,50.5039,4.4699,1/22/2020,
"Madison, WI",US,43.0731,-89.4012,1/22/2020,
Diamond Princess cruise ship,Others,35.4437,129.638,1/22/2020,
"San Diego County, CA",US,32.7157,-117.1611,1/22/2020,
"San Antonio, TX",US,29.4241,-98.4936,1/22/2020,
Anhui,Mainland China,31.82571,117.2264,1/23/2020,
Beijing,Mainland China,40.18238,116.4142,1/23/2020,
Chongqing,Mainland China,30.05718,107.874,1/23/2020,
Fujian,Mainland China,26.07783,117.9895,1/23/2020,
Gansu,Mainland China,36.0611,103.8343,1/23/2020,
Guangdong,Mainland China,23.33841,113.422,1/23/2020,
Guangxi,Mainland China,23.82908,108.7881,1/23/2020,
Guizhou,Mainland China,26.81536,106.8748,1/23/2020,
Hainan,Mainland China,19.19673,109.7455,1/23/2020,
Hebei,Mainland China,38.0428,114.5149,1/23/2020,
Heilongjiang,Mainland China,47.862,127.7622,1/23/2020,
Henan,Mainland China,33.88202,113.614,1/23/2020,
Hubei,Mainland China,30.97564,112.2707,1/23/2020,
Hunan,Mainland China,27.61041,111.7088,1/23/2020,
Inner Mongolia,Mainland China,44.09448,113.9456,1/23/2020,
Jiangsu,Mainland China,32.97027,119.464,1/23/2020,
Jiangxi,Mainland China,27.61401,115.7221,1/23/2020,
Jilin,Mainland China,43.66657,126.1917,1/23/2020,
Liaoning,Mainland China,41.29284,122.6086,1/23/2020,
Ningxia,Mainland China,37.26923,106.1655,1/23/2020,
Qinghai,Mainland China,35.65945,96.02564,1/23/2020,
Shaanxi,Mainland China,35.19165,108.8701,1/23/2020,
Shandong,Mainland China,36.34377,118.1529,1/23/2020,
Shanghai,Mainland China,31.20327,121.4554,1/23/2020,
Shanxi,Mainland China,37.57769,112.2922,1/23/2020,
Sichuan,Mainland China,30.61714,102.7103,1/23/2020,
Tianjin,Mainland China,39.29362,117.333,1/23/2020,
Tibet,Mainland China,30.1534,88.7879,1/23/2020,
Xinjiang,Mainland China,41.11981,85.17822,1/23/2020,
Yunnan,Mainland China,24.97411,101.4868,1/23/2020,
Zhejiang,Mainland China,29.18251,120.0985,1/23/2020,
,Thailand,13.7563,100.5018,1/23/2020,
,Japan,35.6762,139.6503,1/23/2020,
,South Korea,37.5665,126.978,1/23/2020,
Taiwan,Taiwan,23.6978,120.9605,1/23/2020,
"Seattle, WA",US,47.7511,-120.74,1/23/2020,
"Chicago, IL",US,40.6331,-89.3985,1/23/2020,
"Tempe, AZ",US,34.0489,-111.094,1/23/2020,
Macau,Macau,22.1987,113.5439,1/23/2020,
Hong Kong,Hong Kong,22.3193,114.1694,1/23/2020,
,Singapore,1.3521,103.8198,1/23/2020,
,Vietnam,21.0278,105.8342,1/23/2020,
,France,46.2276,2.2137,1/23/2020,
,Nepal,28.3949,84.124,1/23/2020,
,Malaysia,4.2105,101.9758,1/23/2020,
"Toronto, ON",Canada,43.6532,-79.3832,1/23/2020,
British Columbia,Canada,49.2827,-123.121,1/23/2020,
"Orange, CA",US,33.7879,-117.8531,1/23/2020,
"Los Angeles, CA",US,34.0522,-118.2437,1/23/2020,
New South Wales,Australia,-33.8688,151.2093,1/23/2020,
Victoria,Australia,-37.8136,144.9631,1/23/2020,
Queensland,Australia,-27.4698,153.0251,1/23/2020,
,Cambodia,12.5657,104.991,1/23/2020,
,Sri Lanka,7.8731,80.7718,1/23/2020,
,Germany,51.1657,10.4515,1/23/2020,
,Finland,61.9241,25.7482,1/23/2020,
,United Arab Emirates,23.4241,53.8478,1/23/2020,
,Philippines,12.8797,121.774,1/23/2020,
,India,20.5937,78.9629,1/23/2020,
"London, ON",Canada,42.9849,-81.2453,1/23/2020,
,Italy,41.8719,12.5674,1/23/2020,
,UK,55.3781,-3.436,1/23/2020,
,Russia,61.524,105.3188,1/23/2020,
,Sweden,60.1282,18.6435,1/23/2020,
"Santa Clara, CA",US,37.3541,-121.9552,1/23/2020,
,Spain,40.4637,-3.7492,1/23/2020,
South Australia,Australia,-34.9285,138.6007,1/23/2020,
"Boston, MA",US,42.3601,-71.0589,1/23/2020,
"San Benito, CA",US,36.5761,-120.9876,1/23/2020,
,Belgium,50.5039,4.4699,1/23/2020,
"Madison, WI",US,43.0731,-89.4012,1/23/2020,
Diamond Princess cruise ship,Others,35.4437,129.638,1/23/2020,
"San Diego County, CA",US,32.7157,-117.1611,1/23/2020,
"San Antonio, TX",US,29.4241,-98.4936,1/23/2020,
Anhui,Mainland China,31.82571,117.2264,1/24/2020,
Beijing,Mainland China,40.18238,116.4142,1/24/2020,
Chongqing,Mainland China,30.05718,107.874,1/24/2020,
Fujian,Mainland China,26.07783,117.9895,1/24/2020,
Gansu,Mainland China,36.0611,103.8343,1/24/2020,
Guangdong,Mainland China,23.33841,113.422,1/24/2020,
Guangxi,Mainland China,23.82908,108.7881,1/24/2020,
Guizhou,Mainland China,26.81536,106.8748,1/24/2020,
Hainan,Mainland China,19.19673,109.7455,1/24/2020,
Hebei,Mainland China,38.0428,114.5149,1/24/2020,1
Heilongjiang,Mainland China,47.862,127.7622,1/24/2020,1
Henan,Mainland China,33.88202,113.614,1/24/2020,
Hubei,Mainland China,30.97564,112.2707,1/24/2020,24
Hunan,Mainland China,27.61041,111.7088,1/24/2020,
Inner Mongolia,Mainland China,44.09448,113.9456,1/24/2020,
Jiangsu,Mainland China,32.97027,119.464,1/24/2020,
Jiangxi,Mainland China,27.61401,115.7221,1/24/2020,
Jilin,Mainland China,43.66657,126.1917,1/24/2020,
Liaoning,Mainland China,41.29284,122.6086,1/24/2020,
Ningxia,Mainland China,37.26923,106.1655,1/24/2020,
Qinghai,Mainland China,35.65945,96.02564,1/24/2020,
Shaanxi,Mainland China,35.19165,108.8701,1/24/2020,
Shandong,Mainland China,36.34377,118.1529,1/24/2020,
Shanghai,Mainland China,31.20327,121.4554,1/24/2020,
Shanxi,Mainland China,37.57769,112.2922,1/24/2020,
Sichuan,Mainland China,30.61714,102.7103,1/24/2020,
Tianjin,Mainland China,39.29362,117.333,1/24/2020,
Tibet,Mainland China,30.1534,88.7879,1/24/2020,
Xinjiang,Mainland China,41.11981,85.17822,1/24/2020,
Yunnan,Mainland China,24.97411,101.4868,1/24/2020,
Zhejiang,Mainland China,29.18251,120.0985,1/24/2020,
,Thailand,13.7563,100.5018,1/24/2020,
,Japan,35.6762,139.6503,1/24/2020,
,South Korea,37.5665,126.978,1/24/2020,
Taiwan,Taiwan,23.6978,120.9605,1/24/2020,
"Seattle, WA",US,47.7511,-120.74,1/24/2020,
"Chicago, IL",US,40.6331,-89.3985,1/24/2020,
"Tempe, AZ",US,34.0489,-111.094,1/24/2020,
Macau,Macau,22.1987,113.5439,1/24/2020,
Hong Kong,Hong Kong,22.3193,114.1694,1/24/2020,
,Singapore,1.3521,103.8198,1/24/2020,
,Vietnam,21.0278,105.8342,1/24/2020,
,France,46.2276,2.2137,1/24/2020,
,Nepal,28.3949,84.124,1/24/2020,
,Malaysia,4.2105,101.9758,1/24/2020,
"Toronto, ON",Canada,43.6532,-79.3832,1/24/2020,
British Columbia,Canada,49.2827,-123.121,1/24/2020,
"Orange, CA",US,33.7879,-117.8531,1/24/2020,
"Los Angeles, CA",US,34.0522,-118.2437,1/24/2020,
New South Wales,Australia,-33.8688,151.2093,1/24/2020,
Victoria,Australia,-37.8136,144.9631,1/24/2020,
Queensland,Australia,-27.4698,153.0251,1/24/2020,
,Cambodia,12.5657,104.991,1/24/2020,
,Sri Lanka,7.8731,80.7718,1/24/2020,
,Germany,51.1657,10.4515,1/24/2020,
,Finland,61.9241,25.7482,1/24/2020,
,United Arab Emirates,23.4241,53.8478,1/24/2020,
,Philippines,12.8797,121.774,1/24/2020,
,India,20.5937,78.9629,1/24/2020,
"London, ON",Canada,42.9849,-81.2453,1/24/2020,
,Italy,41.8719,12.5674,1/24/2020,
,UK,55.3781,-3.436,1/24/2020,
,Russia,61.524,105.3188,1/24/2020,
,Sweden,60.1282,18.6435,1/24/2020,
"Santa Clara, CA",US,37.3541,-121.9552,1/24/2020,
,Spain,40.4637,-3.7492,1/24/2020,
South Australia,Australia,-34.9285,138.6007,1/24/2020,
"Boston, MA",US,42.3601,-71.0589,1/24/2020,
"San Benito, CA",US,36.5761,-120.9876,1/24/2020,
,Belgium,50.5039,4.4699,1/24/2020,
"Madison, WI",US,43.0731,-89.4012,1/24/2020,
Diamond Princess cruise ship,Others,35.4437,129.638,1/24/2020,
"San Diego County, CA",US,32.7157,-117.1611,1/24/2020,
"San Antonio, TX",US,29.4241,-98.4936,1/24/2020,
Anhui,Mainland China,31.82571,117.2264,1/25/2020,
Beijing,Mainland China,40.18238,116.4142,1/25/2020,
Chongqing,Mainland China,30.05718,107.874,1/25/2020,
Fujian,Mainland China,26.07783,117.9895,1/25/2020,
Gansu,Mainland China,36.0611,103.8343,1/25/2020,
Guangdong,Mainland China,23.33841,113.422,1/25/2020,
Guangxi,Mainland China,23.82908,108.7881,1/25/2020,
Guizhou,Mainland China,26.81536,106.8748,1/25/2020,
Hainan,Mainland China,19.19673,109.7455,1/25/2020,
Hebei,Mainland China,38.0428,114.5149,1/25/2020,1
Heilongjiang,Mainland China,47.862,127.7622,1/25/2020,1
Henan,Mainland China,33.88202,113.614,1/25/2020,
Hubei,Mainland China,30.97564,112.2707,1/25/2020,52
Hunan,Mainland China,27.61041,111.7088,1/25/2020,
Inner Mongolia,Mainland China,44.09448,113.9456,1/25/2020,
Jiangsu,Mainland China,32.97027,119.464,1/25/2020,
Jiangxi,Mainland China,27.61401,115.7221,1/25/2020,
Jilin,Mainland China,43.66657,126.1917,1/25/2020,
Liaoning,Mainland China,41.29284,122.6086,1/25/2020,
Ningxia,Mainland China,37.26923,106.1655,1/25/2020,
Qinghai,Mainland China,35.65945,96.02564,1/25/2020,
Shaanxi,Mainland China,35.19165,108.8701,1/25/2020,
Shandong,Mainland China,36.34377,118.1529,1/25/2020,
Shanghai,Mainland China,31.20327,121.4554,1/25/2020,1
Shanxi,Mainland China,37.57769,112.2922,1/25/2020,
Sichuan,Mainland China,30.61714,102.7103,1/25/2020,
Tianjin,Mainland China,39.29362,117.333,1/25/2020,
Tibet,Mainland China,30.1534,88.7879,1/25/2020,
Xinjiang,Mainland China,41.11981,85.17822,1/25/2020,
Yunnan,Mainland China,24.97411,101.4868,1/25/2020,
Zhejiang,Mainland China,29.18251,120.0985,1/25/2020,
,Thailand,13.7563,100.5018,1/25/2020,
,Japan,35.6762,139.6503,1/25/2020,
,South Korea,37.5665,126.978,1/25/2020,
Taiwan,Taiwan,23.6978,120.9605,1/25/2020,
"Seattle, WA",US,47.7511,-120.74,1/25/2020,
"Chicago, IL",US,40.6331,-89.3985,1/25/2020,
"Tempe, AZ",US,34.0489,-111.094,1/25/2020,
Macau,Macau,22.1987,113.5439,1/25/2020,
Hong Kong,Hong Kong,22.3193,114.1694,1/25/2020,
,Singapore,1.3521,103.8198,1/25/2020,
,Vietnam,21.0278,105.8342,1/25/2020,
,France,46.2276,2.2137,1/25/2020,
,Nepal,28.3949,84.124,1/25/2020,
,Malaysia,4.2105,101.9758,1/25/2020,
"Toronto, ON",Canada,43.6532,-79.3832,1/25/2020,
British Columbia,Canada,49.2827,-123.121,1/25/2020,
"Orange, CA",US,33.7879,-117.8531,1/25/2020,
"Los Angeles, CA",US,34.0522,-118.2437,1/25/2020,
New South Wales,Australia,-33.8688,151.2093,1/25/2020,
Victoria,Australia,-37.8136,144.9631,1/25/2020,
Queensland,Australia,-27.4698,153.0251,1/25/2020,
,Cambodia,12.5657,104.991,1/25/2020,
,Sri Lanka,7.8731,80.7718,1/25/2020,
,Germany,51.1657,10.4515,1/25/2020,
,Finland,61.9241,25.7482,1/25/2020,
,United Arab Emirates,23.4241,53.8478,1/25/2020,
,Philippines,12.8797,121.774,1/25/2020,
,India,20.5937,78.9629,1/25/2020,
"London, ON",Canada,42.9849,-81.2453,1/25/2020,
,Italy,41.8719,12.5674,1/25/2020,
,UK,55.3781,-3.436,1/25/2020,
,Russia,61.524,105.3188,1/25/2020,
,Sweden,60.1282,18.6435,1/25/2020,
"Santa Clara, CA",US,37.3541,-121.9552,1/25/2020,
,Spain,40.4637,-3.7492,1/25/2020,
South Australia,Australia,-34.9285,138.6007,1/25/2020,
"Boston, MA",US,42.3601,-71.0589,1/25/2020,
"San Benito, CA",US,36.5761,-120.9876,1/25/2020,
,Belgium,50.5039,4.4699,1/25/2020,
"Madison, WI",US,43.0731,-89.4012,1/25/2020,
Diamond Princess cruise ship,Others,35.4437,129.638,1/25/2020,
"San Diego County, CA",US,32.7157,-117.1611,1/25/2020,
"San Antonio, TX",US,29.4241,-98.4936,1/25/2020,
Anhui,Mainland China,31.82571,117.2264,1/26/2020,
Beijing,Mainland China,40.18238,116.4142,1/26/2020,
Chongqing,Mainland China,30.05718,107.874,1/26/2020,
Fujian,Mainland China,26.07783,117.9895,1/26/2020,
Gansu,Mainland China,36.0611,103.8343,1/26/2020,
Guangdong,Mainland China,23.33841,113.422,1/26/2020,
Guangxi,Mainland China,23.82908,108.7881,1/26/2020,
Guizhou,Mainland China,26.81536,106.8748,1/26/2020,
Hainan,Mainland China,19.19673,109.7455,1/26/2020,
Hebei,Mainland China,38.0428,114.5149,1/26/2020,1
Heilongjiang,Mainland China,47.862,127.7622,1/26/2020,1
Henan,Mainland China,33.88202,113.614,1/26/2020,1
Hubei,Mainland China,30.97564,112.2707,1/26/2020,76
Hunan,Mainland China,27.61041,111.7088,1/26/2020,
Inner Mongolia,Mainland China,44.09448,113.9456,1/26/2020,
Jiangsu,Mainland China,32.97027,119.464,1/26/2020,
Jiangxi,Mainland China,27.61401,115.7221,1/26/2020,
Jilin,Mainland China,43.66657,126.1917,1/26/2020,
Liaoning,Mainland China,41.29284,122.6086,1/26/2020,
Ningxia,Mainland China,37.26923,106.1655,1/26/2020,
Qinghai,Mainland China,35.65945,96.02564,1/26/2020,
Shaanxi,Mainland China,35.19165,108.8701,1/26/2020,
Shandong,Mainland China,36.34377,118.1529,1/26/2020,
Shanghai,Mainland China,31.20327,121.4554,1/26/2020,1
Shanxi,Mainland China,37.57769,112.2922,1/26/2020,
Sichuan,Mainland China,30.61714,102.7103,1/26/2020,
Tianjin,Mainland China,39.29362,117.333,1/26/2020,
Tibet,Mainland China,30.1534,88.7879,1/26/2020,
Xinjiang,Mainland China,41.11981,85.17822,1/26/2020,
Yunnan,Mainland China,24.97411,101.4868,1/26/2020,
Zhejiang,Mainland China,29.18251,120.0985,1/26/2020,
,Thailand,13.7563,100.5018,1/26/2020,
,Japan,35.6762,139.6503,1/26/2020,
,South Korea,37.5665,126.978,1/26/2020,
Taiwan,Taiwan,23.6978,120.9605,1/26/2020,
"Seattle, WA",US,47.7511,-120.74,1/26/2020,
"Chicago, IL",US,40.6331,-89.3985,1/26/2020,
"Tempe, AZ",US,34.0489,-111.094,1/26/2020,
Macau,Macau,22.1987,113.5439,1/26/2020,
Hong Kong,Hong Kong,22.3193,114.1694,1/26/2020,
,Singapore,1.3521,103.8198,1/26/2020,
,Vietnam,21.0278,105.8342,1/26/2020,
,France,46.2276,2.2137,1/26/2020,
,Nepal,28.3949,84.124,1/26/2020,
,Malaysia,4.2105,101.9758,1/26/2020,
"Toronto, ON",Canada,43.6532,-79.3832,1/26/2020,
British Columbia,Canada,49.2827,-123.121,1/26/2020,
"Orange, CA",US,33.7879,-117.8531,1/26/2020,
"Los Angeles, CA",US,34.0522,-118.2437,1/26/2020,
New South Wales,Australia,-33.8688,151.2093,1/26/2020,
Victoria,Australia,-37.8136,144.9631,1/26/2020,
Queensland,Australia,-27.4698,153.0251,1/26/2020,
,Cambodia,12.5657,104.991,1/26/2020,
,Sri Lanka,7.8731,80.7718,1/26/2020,
,Germany,51.1657,10.4515,1/26/2020,
,Finland,61.9241,25.7482,1/26/2020,
,United Arab Emirates,23.4241,53.8478,1/26/2020,
,Philippines,12.8797,121.774,1/26/2020,
,India,20.5937,78.9629,1/26/2020,
"London, ON",Canada,42.9849,-81.2453,1/26/2020,
,Italy,41.8719,12.5674,1/26/2020,
,UK,55.3781,-3.436,1/26/2020,
,Russia,61.524,105.3188,1/26/2020,
,Sweden,60.1282,18.6435,1/26/2020,
"Santa Clara, CA",US,37.3541,-121.9552,1/26/2020,
,Spain,40.4637,-3.7492,1/26/2020,
South Australia,Australia,-34.9285,138.6007,1/26/2020,
"Boston, MA",US,42.3601,-71.0589,1/26/2020,
"San Benito, CA",US,36.5761,-120.9876,1/26/2020,
,Belgium,50.5039,4.4699,1/26/2020,
"Madison, WI",US,43.0731,-89.4012,1/26/2020,
Diamond Princess cruise ship,Others,35.4437,129.638,1/26/2020,
"San Diego County, CA",US,32.7157,-117.1611,1/26/2020,
"San Antonio, TX",US,29.4241,-98.4936,1/26/2020,
Anhui,Mainland China,31.82571,117.2264,1/27/2020,
Beijing,Mainland China,40.18238,116.4142,1/27/2020,1
Chongqing,Mainland China,30.05718,107.874,1/27/2020,
Fujian,Mainland China,26.07783,117.9895,1/27/2020,
Gansu,Mainland China,36.0611,103.8343,1/27/2020,
Guangdong,Mainland China,23.33841,113.422,1/27/2020,
Guangxi,Mainland China,23.82908,108.7881,1/27/2020,
Guizhou,Mainland China,26.81536,106.8748,1/27/2020,
Hainan,Mainland China,19.19673,109.7455,1/27/2020,1
Hebei,Mainland China,38.0428,114.5149,1/27/2020,1
Heilongjiang,Mainland China,47.862,127.7622,1/27/2020,1
Henan,Mainland China,33.88202,113.614,1/27/2020,1
Hubei,Mainland China,30.97564,112.2707,1/27/2020,1
Hunan,Mainland China,27.61041,111.7088,1/27/2020,
Inner Mongolia,Mainland China,44.09448,113.9456,1/27/2020,
Jiangsu,Mainland China,32.97027,119.464,1/27/2020,
Jiangxi,Mainland China,27.61401,115.7221,1/27/2020,
Jilin,Mainland China,43.66657,126.1917,1/27/2020,
Liaoning,Mainland China,41.29284,122.6086,1/27/2020,
Ningxia,Mainland China,37.26923,106.1655,1/27/2020,
Qinghai,Mainland China,35.65945,96.02564,1/27/2020,
Shaanxi,Mainland China,35.19165,108.8701,1/27/2020,
Shandong,Mainland China,36.34377,118.1529,1/27/2020,
Shanghai,Mainland China,31.20327,121.4554,1/27/2020,1
Shanxi,Mainland China,37.57769,112.2922,1/27/2020,
Sichuan,Mainland China,30.61714,102.7103,1/27/2020,
Tianjin,Mainland China,39.29362,117.333,1/27/2020,
Tibet,Mainland China,30.1534,88.7879,1/27/2020,
Xinjiang,Mainland China,41.11981,85.17822,1/27/2020,
Yunnan,Mainland China,24.97411,101.4868,1/27/2020,
Zhejiang,Mainland China,29.18251,120.0985,1/27/2020,
,Thailand,13.7563,100.5018,1/27/2020,
,Japan,35.6762,139.6503,1/27/2020,
,South Korea,37.5665,126.978,1/27/2020,
Taiwan,Taiwan,23.6978,120.9605,1/27/2020,
"Seattle, WA",US,47.7511,-120.74,1/27/2020,
"Chicago, IL",US,40.6331,-89.3985,1/27/2020,
"Tempe, AZ",US,34.0489,-111.094,1/27/2020,
Macau,Macau,22.1987,113.5439,1/27/2020,
Hong Kong,Hong Kong,22.3193,114.1694,1/27/2020,
,Singapore,1.3521,103.8198,1/27/2020,
,Vietnam,21.0278,105.8342,1/27/2020,
,France,46.2276,2.2137,1/27/2020,
,Nepal,28.3949,84.124,1/27/2020,
,Malaysia,4.2105,101.9758,1/27/2020,
"Toronto, ON",Canada,43.6532,-79.3832,1/27/2020,
British Columbia,Canada,49.2827,-123.121,1/27/2020,
"Orange, CA",US,33.7879,-117.8531,1/27/2020,
"Los Angeles, CA",US,34.0522,-118.2437,1/27/2020,
New South Wales,Australia,-33.8688,151.2093,1/27/2020,
Victoria,Australia,-37.8136,144.9631,1/27/2020,
Queensland,Australia,-27.4698,153.0251,1/27/2020,
,Cambodia,12.5657,104.991,1/27/2020,
,Sri Lanka,7.8731,80.7718,1/27/2020,
,Germany,51.1657,10.4515,1/27/2020,
,Finland,61.9241,25.7482,1/27/2020,
,United Arab Emirates,23.4241,53.8478,1/27/2020,
,Philippines,12.8797,121.774,1/27/2020,
,India,20.5937,78.9629,1/27/2020,
"London, ON",Canada,42.9849,-81.2453,1/27/2020,
,Italy,41.8719,12.5674,1/27/2020,
,UK,55.3781,-3.436,1/27/2020,
,Russia,61.524,105.3188,1/27/2020,
,Sweden,60.1282,18.6435,1/27/2020,
"Santa Clara, CA",US,37.3541,-121.9552,1/27/2020,
,Spain,40.4637,-3.7492,1/27/2020,
South Australia,Australia,-34.9285,138.6007,1/27/2020,
"Boston, MA",US,42.3601,-71.0589,1/27/2020,
"San Benito, CA",US,36.5761,-120.9876,1/27/2020,
,Belgium,50.5039,4.4699,1/27/2020,
"Madison, WI",US,43.0731,-89.4012,1/27/2020,
Diamond Princess cruise ship,Others,35.4437,129.638,1/27/2020,
"San Diego County, CA",US,32.7157,-117.1611,1/27/2020,
"San Antonio, TX",US,29.4241,-98.4936,1/27/2020,
Anhui,Mainland China,31.82571,117.2264,1/28/2020,
Beijing,Mainland China,40.18238,116.4142,1/28/2020,1
Chongqing,Mainland China,30.05718,107.874,1/28/2020,
Fujian,Mainland China,26.07783,117.9895,1/28/2020,
Gansu,Mainland China,36.0611,103.8343,1/28/2020,
Guangdong,Mainland China,23.33841,113.422,1/28/2020,
Guangxi,Mainland China,23.82908,108.7881,1/28/2020,
Guizhou,Mainland China,26.81536,106.8748,1/28/2020,
Hainan,Mainland China,19.19673,109.7455,1/28/2020,1
Hebei,Mainland China,38.0428,114.5149,1/28/2020,1
Heilongjiang,Mainland China,47.862,127.7622,1/28/2020,1
Henan,Mainland China,33.88202,113.614,1/28/2020,2
Hubei,Mainland China,30.97564,112.2707,1/28/2020,125
Hunan,Mainland China,27.61041,111.7088,1/28/2020,
Inner Mongolia,Mainland China,44.09448,113.9456,1/28/2020,
Jiangsu,Mainland China,32.97027,119.464,1/28/2020,
Jiangxi,Mainland China,27.61401,115.7221,1/28/2020,
Jilin,Mainland China,43.66657,126.1917,1/28/2020,
Liaoning,Mainland China,41.29284,122.6086,1/28/2020,
Ningxia,Mainland China,37.26923,106.1655,1/28/2020,
Qinghai,Mainland China,35.65945,96.02564,1/28/2020,
Shaanxi,Mainland China,35.19165,108.8701,1/28/2020,
Shandong,Mainland China,36.34377,118.1529,1/28/2020,
Shanghai,Mainland China,31.20327,121.4554,1/28/2020,1
Shanxi,Mainland China,37.57769,112.2922,1/28/2020,
Sichuan,Mainland China,30.61714,102.7103,1/28/2020,
Tianjin,Mainland China,39.29362,117.333,1/28/2020,
Tibet,Mainland China,30.1534,88.7879,1/28/2020,
Xinjiang,Mainland China,41.11981,85.17822,1/28/2020,
Yunnan,Mainland China,24.97411,101.4868,1/28/2020,
Zhejiang,Mainland China,29.18251,120.0985,1/28/2020,
,Thailand,13.7563,100.5018,1/28/2020,
,Japan,35.6762,139.6503,1/28/2020,
,South Korea,37.5665,126.978,1/28/2020,
Taiwan,Taiwan,23.6978,120.9605,1/28/2020,
"Seattle, WA",US,47.7511,-120.74,1/28/2020,
"Chicago, IL",US,40.6331,-89.3985,1/28/2020,
"Tempe, AZ",US,34.0489,-111.094,1/28/2020,
Macau,Macau,22.1987,113.5439,1/28/2020,
Hong Kong,Hong Kong,22.3193,114.1694,1/28/2020,
,Singapore,1.3521,103.8198,1/28/2020,
,Vietnam,21.0278,105.8342,1/28/2020,
,France,46.2276,2.2137,1/28/2020,
,Nepal,28.3949,84.124,1/28/2020,
,Malaysia,4.2105,101.9758,1/28/2020,
"Toronto, ON",Canada,43.6532,-79.3832,1/28/2020,
British Columbia,Canada,49.2827,-123.121,1/28/2020,
"Orange, CA",US,33.7879,-117.8531,1/28/2020,
"Los Angeles, CA",US,34.0522,-118.2437,1/28/2020,
New South Wales,Australia,-33.8688,151.2093,1/28/2020,
Victoria,Australia,-37.8136,144.9631,1/28/2020,
Queensland,Australia,-27.4698,153.0251,1/28/2020,
,Cambodia,12.5657,104.991,1/28/2020,
,Sri Lanka,7.8731,80.7718,1/28/2020,
,Germany,51.1657,10.4515,1/28/2020,
,Finland,61.9241,25.7482,1/28/2020,
,United Arab Emirates,23.4241,53.8478,1/28/2020,
,Philippines,12.8797,121.774,1/28/2020,
,India,20.5937,78.9629,1/28/2020,
"London, ON",Canada,42.9849,-81.2453,1/28/2020,
,Italy,41.8719,12.5674,1/28/2020,
,UK,55.3781,-3.436,1/28/2020,
,Russia,61.524,105.3188,1/28/2020,
,Sweden,60.1282,18.6435,1/28/2020,
"Santa Clara, CA",US,37.3541,-121.9552,1/28/2020,
,Spain,40.4637,-3.7492,1/28/2020,
South Australia,Australia,-34.9285,138.6007,1/28/2020,
"Boston, MA",US,42.3601,-71.0589,1/28/2020,
"San Benito, CA",US,36.5761,-120.9876,1/28/2020,
,Belgium,50.5039,4.4699,1/28/2020,
"Madison, WI",US,43.0731,-89.4012,1/28/2020,
Diamond Princess cruise ship,Others,35.4437,129.638,1/28/2020,
"San Diego County, CA",US,32.7157,-117.1611,1/28/2020,
"San Antonio, TX",US,29.4241,-98.4936,1/28/2020,
Anhui,Mainland China,31.82571,117.2264,1/29/2020,
Beijing,Mainland China,40.18238,116.4142,1/29/2020,1
Chongqing,Mainland China,30.05718,107.874,1/29/2020,
Fujian,Mainland China,26.07783,117.9895,1/29/2020,
Gansu,Mainland China,36.0611,103.8343,1/29/2020,
Guangdong,Mainland China,23.33841,113.422,1/29/2020,
Guangxi,Mainland China,23.82908,108.7881,1/29/2020,
Guizhou,Mainland China,26.81536,106.8748,1/29/2020,
Hainan,Mainland China,19.19673,109.7455,1/29/2020,1
Hebei,Mainland China,38.0428,114.5149,1/29/2020,1
Heilongjiang,Mainland China,47.862,127.7622,1/29/2020,1
Henan,Mainland China,33.88202,113.614,1/29/2020,2
Hubei,Mainland China,30.97564,112.2707,1/29/2020,162
Hunan,Mainland China,27.61041,111.7088,1/29/2020,
Inner Mongolia,Mainland China,44.09448,113.9456,1/29/2020,
Jiangsu,Mainland China,32.97027,119.464,1/29/2020,
Jiangxi,Mainland China,27.61401,115.7221,1/29/2020,
Jilin,Mainland China,43.66657,126.1917,1/29/2020,
Liaoning,Mainland China,41.29284,122.6086,1/29/2020,
Ningxia,Mainland China,37.26923,106.1655,1/29/2020,
Qinghai,Mainland China,35.65945,96.02564,1/29/2020,
Shaanxi,Mainland China,35.19165,108.8701,1/29/2020,
Shandong,Mainland China,36.34377,118.1529,1/29/2020,
Shanghai,Mainland China,31.20327,121.4554,1/29/2020,1
Shanxi,Mainland China,37.57769,112.2922,1/29/2020,
Sichuan,Mainland China,30.61714,102.7103,1/29/2020,1
Tianjin,Mainland China,39.29362,117.333,1/29/2020,
Tibet,Mainland China,30.1534,88.7879,1/29/2020,
Xinjiang,Mainland China,41.11981,85.17822,1/29/2020,
Yunnan,Mainland China,24.97411,101.4868,1/29/2020,
Zhejiang,Mainland China,29.18251,120.0985,1/29/2020,
,Thailand,13.7563,100.5018,1/29/2020,
,Japan,35.6762,139.6503,1/29/2020,
,South Korea,37.5665,126.978,1/29/2020,
Taiwan,Taiwan,23.6978,120.9605,1/29/2020,
"Seattle, WA",US,47.7511,-120.74,1/29/2020,
"Chicago, IL",US,40.6331,-89.3985,1/29/2020,
"Tempe, AZ",US,34.0489,-111.094,1/29/2020,
Macau,Macau,22.1987,113.5439,1/29/2020,
Hong Kong,Hong Kong,22.3193,114.1694,1/29/2020,
,Singapore,1.3521,103.8198,1/29/2020,
,Vietnam,21.0278,105.8342,1/29/2020,
,France,46.2276,2.2137,1/29/2020,
,Nepal,28.3949,84.124,1/29/2020,
,Malaysia,4.2105,101.9758,1/29/2020,
"Toronto, ON",Canada,43.6532,-79.3832,1/29/2020,
British Columbia,Canada,49.2827,-123.121,1/29/2020,
"Orange, CA",US,33.7879,-117.8531,1/29/2020,
"Los Angeles, CA",US,34.0522,-118.2437,1/29/2020,
New South Wales,Australia,-33.8688,151.2093,1/29/2020,
Victoria,Australia,-37.8136,144.9631,1/29/2020,
Queensland,Australia,-27.4698,153.0251,1/29/2020,
,Cambodia,12.5657,104.991,1/29/2020,
,Sri Lanka,7.8731,80.7718,1/29/2020,
,Germany,51.1657,10.4515,1/29/2020,
,Finland,61.9241,25.7482,1/29/2020,
,United Arab Emirates,23.4241,53.8478,1/29/2020,
,Philippines,12.8797,121.774,1/29/2020,
,India,20.5937,78.9629,1/29/2020,
"London, ON",Canada,42.9849,-81.2453,1/29/2020,
,Italy,41.8719,12.5674,1/29/2020,
,UK,55.3781,-3.436,1/29/2020,
,Russia,61.524,105.3188,1/29/2020,
,Sweden,60.1282,18.6435,1/29/2020,
"Santa Clara, CA",US,37.3541,-121.9552,1/29/2020,
,Spain,40.4637,-3.7492,1/29/2020,
South Australia,Australia,-34.9285,138.6007,1/29/2020,
"Boston, MA",US,42.3601,-71.0589,1/29/2020,
"San Benito, CA",US,36.5761,-120.9876,1/29/2020,
,Belgium,50.5039,4.4699,1/29/2020,
"Madison, WI",US,43.0731,-89.4012,1/29/2020,
Diamond Princess cruise ship,Others,35.4437,129.638,1/29/2020,
"San Diego County, CA",US,32.7157,-117.1611,1/29/2020,
"San Antonio, TX",US,29.4241,-98.4936,1/29/2020,
Anhui,Mainland China,31.82571,117.2264,1/30/2020,
Beijing,Mainland China,40.18238,116.4142,1/30/2020,1
Chongqing,Mainland China,30.05718,107.874,1/30/2020,
Fujian,Mainland China,26.07783,117.9895,1/30/2020,
Gansu,Mainland China,36.0611,103.8343,1/30/2020,
Guangdong,Mainland China,23.33841,113.422,1/30/2020,
Guangxi,Mainland China,23.82908,108.7881,1/30/2020,
Guizhou,Mainland China,26.81536,106.8748,1/30/2020,
Hainan,Mainland China,19.19673,109.7455,1/30/2020,1
Hebei,Mainland China,38.0428,114.5149,1/30/2020,1
Heilongjiang,Mainland China,47.862,127.7622,1/30/2020,2
Henan,Mainland China,33.88202,113.614,1/30/2020,2
Hubei,Mainland China,30.97564,112.2707,1/30/2020,162
Hunan,Mainland China,27.61041,111.7088,1/30/2020,
Inner Mongolia,Mainland China,44.09448,113.9456,1/30/2020,
Jiangsu,Mainland China,32.97027,119.464,1/30/2020,
Jiangxi,Mainland China,27.61401,115.7221,1/30/2020,
Jilin,Mainland China,43.66657,126.1917,1/30/2020,
Liaoning,Mainland China,41.29284,122.6086,1/30/2020,
Ningxia,Mainland China,37.26923,106.1655,1/30/2020,
Qinghai,Mainland China,35.65945,96.02564,1/30/2020,
Shaanxi,Mainland China,35.19165,108.8701,1/30/2020,
Shandong,Mainland China,36.34377,118.1529,1/30/2020,
Shanghai,Mainland China,31.20327,121.4554,1/30/2020,1
Shanxi,Mainland China,37.57769,112.2922,1/30/2020,
Sichuan,Mainland China,30.61714,102.7103,1/30/2020,1
Tianjin,Mainland China,39.29362,117.333,1/30/2020,
Tibet,Mainland China,30.1534,88.7879,1/30/2020,
Xinjiang,Mainland China,41.11981,85.17822,1/30/2020,
Yunnan,Mainland China,24.97411,101.4868,1/30/2020,
Zhejiang,Mainland China,29.18251,120.0985,1/30/2020,
,Thailand,13.7563,100.5018,1/30/2020,
,Japan,35.6762,139.6503,1/30/2020,
,South Korea,37.5665,126.978,1/30/2020,
Taiwan,Taiwan,23.6978,120.9605,1/30/2020,
"Seattle, WA",US,47.7511,-120.74,1/30/2020,
"Chicago, IL",US,40.6331,-89.3985,1/30/2020,
"Tempe, AZ",US,34.0489,-111.094,1/30/2020,
Macau,Macau,22.1987,113.5439,1/30/2020,
Hong Kong,Hong Kong,22.3193,114.1694,1/30/2020,
,Singapore,1.3521,103.8198,1/30/2020,
,Vietnam,21.0278,105.8342,1/30/2020,
,France,46.2276,2.2137,1/30/2020,
,Nepal,28.3949,84.124,1/30/2020,
,Malaysia,4.2105,101.9758,1/30/2020,
"Toronto, ON",Canada,43.6532,-79.3832,1/30/2020,
British Columbia,Canada,49.2827,-123.121,1/30/2020,
"Orange, CA",US,33.7879,-117.8531,1/30/2020,
"Los Angeles, CA",US,34.0522,-118.2437,1/30/2020,
New South Wales,Australia,-33.8688,151.2093,1/30/2020,
Victoria,Australia,-37.8136,144.9631,1/30/2020,
Queensland,Australia,-27.4698,153.0251,1/30/2020,
,Cambodia,12.5657,104.991,1/30/2020,
,Sri Lanka,7.8731,80.7718,1/30/2020,
,Germany,51.1657,10.4515,1/30/2020,
,Finland,61.9241,25.7482,1/30/2020,
,United Arab Emirates,23.4241,53.8478,1/30/2020,
,Philippines,12.8797,121.774,1/30/2020,
,India,20.5937,78.9629,1/30/2020,
"London, ON",Canada,42.9849,-81.2453,1/30/2020,
,Italy,41.8719,12.5674,1/30/2020,
,UK,55.3781,-3.436,1/30/2020,
,Russia,61.524,105.3188,1/30/2020,
,Sweden,60.1282,18.6435,1/30/2020,
"Santa Clara, CA",US,37.3541,-121.9552,1/30/2020,
,Spain,40.4637,-3.7492,1/30/2020,
South Australia,Australia,-34.9285,138.6007,1/30/2020,
"Boston, MA",US,42.3601,-71.0589,1/30/2020,
"San Benito, CA",US,36.5761,-120.9876,1/30/2020,
,Belgium,50.5039,4.4699,1/30/2020,
"Madison, WI",US,43.0731,-89.4012,1/30/2020,
Diamond Princess cruise ship,Others,35.4437,129.638,1/30/2020,
"San Diego County, CA",US,32.7157,-117.1611,1/30/2020,
"San Antonio, TX",US,29.4241,-98.4936,1/30/2020,
Anhui,Mainland China,31.82571,117.2264,1/31/2020,
Beijing,Mainland China,40.18238,116.4142,1/31/2020,1
Chongqing,Mainland China,30.05718,107.874,1/31/2020,
Fujian,Mainland China,26.07783,117.9895,1/31/2020,
Gansu,Mainland China,36.0611,103.8343,1/31/2020,
Guangdong,Mainland China,23.33841,113.422,1/31/2020,
Guangxi,Mainland China,23.82908,108.7881,1/31/2020,
Guizhou,Mainland China,26.81536,106.8748,1/31/2020,
Hainan,Mainland China,19.19673,109.7455,1/31/2020,1
Hebei,Mainland China,38.0428,114.5149,1/31/2020,1
Heilongjiang,Mainland China,47.862,127.7622,1/31/2020,2
Henan,Mainland China,33.88202,113.614,1/31/2020,2
Hubei,Mainland China,30.97564,112.2707,1/31/2020,24
Hunan,Mainland China,27.61041,111.7088,1/31/2020,
Inner Mongolia,Mainland China,44.09448,113.9456,1/31/2020,
Jiangsu,Mainland China,32.97027,119.464,1/31/2020,
Jiangxi,Mainland China,27.61401,115.7221,1/31/2020,
Jilin,Mainland China,43.66657,126.1917,1/31/2020,
Liaoning,Mainland China,41.29284,122.6086,1/31/2020,
Ningxia,Mainland China,37.26923,106.1655,1/31/2020,
Qinghai,Mainland China,35.65945,96.02564,1/31/2020,
Shaanxi,Mainland China,35.19165,108.8701,1/31/2020,
Shandong,Mainland China,36.34377,118.1529,1/31/2020,
Shanghai,Mainland China,31.20327,121.4554,1/31/2020,1
Shanxi,Mainland China,37.57769,112.2922,1/31/2020,
Sichuan,Mainland China,30.61714,102.7103,1/31/2020,1
Tianjin,Mainland China,39.29362,117.333,1/31/2020,
Tibet,Mainland China,30.1534,88.7879,1/31/2020,
Xinjiang,Mainland China,41.11981,85.17822,1/31/2020,
Yunnan,Mainland China,24.97411,101.4868,1/31/2020,
Zhejiang,Mainland China,29.18251,120.0985,1/31/2020,
,Thailand,13.7563,100.5018,1/31/2020,
,Japan,35.6762,139.6503,1/31/2020,
,South Korea,37.5665,126.978,1/31/2020,
Taiwan,Taiwan,23.6978,120.9605,1/31/2020,
"Seattle, WA",US,47.7511,-120.74,1/31/2020,
"Chicago, IL",US,40.6331,-89.3985,1/31/2020,
"Tempe, AZ",US,34.0489,-111.094,1/31/2020,
Macau,Macau,22.1987,113.5439,1/31/2020,
Hong Kong,Hong Kong,22.3193,114.1694,1/31/2020,
,Singapore,1.3521,103.8198,1/31/2020,
,Vietnam,21.0278,105.8342,1/31/2020,
,France,46.2276,2.2137,1/31/2020,
,Nepal,28.3949,84.124,1/31/2020,
,Malaysia,4.2105,101.9758,1/31/2020,
"Toronto, ON",Canada,43.6532,-79.3832,1/31/2020,
British Columbia,Canada,49.2827,-123.121,1/31/2020,
"Orange, CA",US,33.7879,-117.8531,1/31/2020,
"Los Angeles, CA",US,34.0522,-118.2437,1/31/2020,
New South Wales,Australia,-33.8688,151.2093,1/31/2020,
Victoria,Australia,-37.8136,144.9631,1/31/2020,
Queensland,Australia,-27.4698,153.0251,1/31/2020,
,Cambodia,12.5657,104.991,1/31/2020,
,Sri Lanka,7.8731,80.7718,1/31/2020,
,Germany,51.1657,10.4515,1/31/2020,
,Finland,61.9241,25.7482,1/31/2020,
,United Arab Emirates,23.4241,53.8478,1/31/2020,
,Philippines,12.8797,121.774,1/31/2020,
,India,20.5937,78.9629,1/31/2020,
"London, ON",Canada,42.9849,-81.2453,1/31/2020,
,Italy,41.8719,12.5674,1/31/2020,
,UK,55.3781,-3.436,1/31/2020,
,Russia,61.524,105.3188,1/31/2020,
,Sweden,60.1282,18.6435,1/31/2020,
"Santa Clara, CA",US,37.3541,-121.9552,1/31/2020,
,Spain,40.4637,-3.7492,1/31/2020,
South Australia,Australia,-34.9285,138.6007,1/31/2020,
"Boston, MA",US,42.3601,-71.0589,1/31/2020,
"San Benito, CA",US,36.5761,-120.9876,1/31/2020,
,Belgium,50.5039,4.4699,1/31/2020,
"Madison, WI",US,43.0731,-89.4012,1/31/2020,
Diamond Princess cruise ship,Others,35.4437,129.638,1/31/2020,
"San Diego County, CA",US,32.7157,-117.1611,1/31/2020,
"San Antonio, TX",US,29.4241,-98.4936,1/31/2020,
Anhui,Mainland China,31.82571,117.2264,2/1/2020,
Beijing,Mainland China,40.18238,116.4142,2/1/2020,1
Chongqing,Mainland China,30.05718,107.874,2/1/2020,1
Fujian,Mainland China,26.07783,117.9895,2/1/2020,
Gansu,Mainland China,36.0611,103.8343,2/1/2020,
Guangdong,Mainland China,23.33841,113.422,2/1/2020,
Guangxi,Mainland China,23.82908,108.7881,2/1/2020,
Guizhou,Mainland China,26.81536,106.8748,2/1/2020,
Hainan,Mainland China,19.19673,109.7455,2/1/2020,1
Hebei,Mainland China,38.0428,114.5149,2/1/2020,1
Heilongjiang,Mainland China,47.862,127.7622,2/1/2020,2
Henan,Mainland China,33.88202,113.614,2/1/2020,2
Hubei,Mainland China,30.97564,112.2707,2/1/2020,249
Hunan,Mainland China,27.61041,111.7088,2/1/2020,
Inner Mongolia,Mainland China,44.09448,113.9456,2/1/2020,
Jiangsu,Mainland China,32.97027,119.464,2/1/2020,
Jiangxi,Mainland China,27.61401,115.7221,2/1/2020,
Jilin,Mainland China,43.66657,126.1917,2/1/2020,
Liaoning,Mainland China,41.29284,122.6086,2/1/2020,
Ningxia,Mainland China,37.26923,106.1655,2/1/2020,
Qinghai,Mainland China,35.65945,96.02564,2/1/2020,
Shaanxi,Mainland China,35.19165,108.8701,2/1/2020,
Shandong,Mainland China,36.34377,118.1529,2/1/2020,
Shanghai,Mainland China,31.20327,121.4554,2/1/2020,1
Shanxi,Mainland China,37.57769,112.2922,2/1/2020,
Sichuan,Mainland China,30.61714,102.7103,2/1/2020,1
Tianjin,Mainland China,39.29362,117.333,2/1/2020,
Tibet,Mainland China,30.1534,88.7879,2/1/2020,
Xinjiang,Mainland China,41.11981,85.17822,2/1/2020,
Yunnan,Mainland China,24.97411,101.4868,2/1/2020,
Zhejiang,Mainland China,29.18251,120.0985,2/1/2020,
,Thailand,13.7563,100.5018,2/1/2020,
,Japan,35.6762,139.6503,2/1/2020,
,South Korea,37.5665,126.978,2/1/2020,
Taiwan,Taiwan,23.6978,120.9605,2/1/2020,
"Seattle, WA",US,47.7511,-120.74,2/1/2020,
"Chicago, IL",US,40.6331,-89.3985,2/1/2020,
"Tempe, AZ",US,34.0489,-111.094,2/1/2020,
Macau,Macau,22.1987,113.5439,2/1/2020,
Hong Kong,Hong Kong,22.3193,114.1694,2/1/2020,
,Singapore,1.3521,103.8198,2/1/2020,
,Vietnam,21.0278,105.8342,2/1/2020,
,France,46.2276,2.2137,2/1/2020,
,Nepal,28.3949,84.124,2/1/2020,
,Malaysia,4.2105,101.9758,2/1/2020,
"Toronto, ON",Canada,43.6532,-79.3832,2/1/2020,
British Columbia,Canada,49.2827,-123.121,2/1/2020,
"Orange, CA",US,33.7879,-117.8531,2/1/2020,
"Los Angeles, CA",US,34.0522,-118.2437,2/1/2020,
New South Wales,Australia,-33.8688,151.2093,2/1/2020,
Victoria,Australia,-37.8136,144.9631,2/1/2020,
Queensland,Australia,-27.4698,153.0251,2/1/2020,
,Cambodia,12.5657,104.991,2/1/2020,
,Sri Lanka,7.8731,80.7718,2/1/2020,
,Germany,51.1657,10.4515,2/1/2020,
,Finland,61.9241,25.7482,2/1/2020,
,United Arab Emirates,23.4241,53.8478,2/1/2020,
,Philippines,12.8797,121.774,2/1/2020,
,India,20.5937,78.9629,2/1/2020,
"London, ON",Canada,42.9849,-81.2453,2/1/2020,
,Italy,41.8719,12.5674,2/1/2020,
,UK,55.3781,-3.436,2/1/2020,
,Russia,61.524,105.3188,2/1/2020,
,Sweden,60.1282,18.6435,2/1/2020,
"Santa Clara, CA",US,37.3541,-121.9552,2/1/2020,
,Spain,40.4637,-3.7492,2/1/2020,
South Australia,Australia,-34.9285,138.6007,2/1/2020,
"Boston, MA",US,42.3601,-71.0589,2/1/2020,
"San Benito, CA",US,36.5761,-120.9876,2/1/2020,
,Belgium,50.5039,4.4699,2/1/2020,
"Madison, WI",US,43.0731,-89.4012,2/1/2020,
Diamond Princess cruise ship,Others,35.4437,129.638,2/1/2020,
"San Diego County, CA",US,32.7157,-117.1611,2/1/2020,
"San Antonio, TX",US,29.4241,-98.4936,2/1/2020,
Anhui,Mainland China,31.82571,117.2264,2/2/2020,
Beijing,Mainland China,40.18238,116.4142,2/2/2020,1
Chongqing,Mainland China,30.05718,107.874,2/2/2020,2
Fujian,Mainland China,26.07783,117.9895,2/2/2020,
Gansu,Mainland China,36.0611,103.8343,2/2/2020,
Guangdong,Mainland China,23.33841,113.422,2/2/2020,
Guangxi,Mainland China,23.82908,108.7881,2/2/2020,
Guizhou,Mainland China,26.81536,106.8748,2/2/2020,
Hainan,Mainland China,19.19673,109.7455,2/2/2020,1
Hebei,Mainland China,38.0428,114.5149,2/2/2020,1
Heilongjiang,Mainland China,47.862,127.7622,2/2/2020,2
Henan,Mainland China,33.88202,113.614,2/2/2020,2
Hubei,Mainland China,30.97564,112.2707,2/2/2020,35
Hunan,Mainland China,27.61041,111.7088,2/2/2020,
Inner Mongolia,Mainland China,44.09448,113.9456,2/2/2020,
Jiangsu,Mainland China,32.97027,119.464,2/2/2020,
Jiangxi,Mainland China,27.61401,115.7221,2/2/2020,
Jilin,Mainland China,43.66657,126.1917,2/2/2020,
Liaoning,Mainland China,41.29284,122.6086,2/2/2020,
Ningxia,Mainland China,37.26923,106.1655,2/2/2020,
Qinghai,Mainland China,35.65945,96.02564,2/2/2020,
Shaanxi,Mainland China,35.19165,108.8701,2/2/2020,
Shandong,Mainland China,36.34377,118.1529,2/2/2020,
Shanghai,Mainland China,31.20327,121.4554,2/2/2020,1
Shanxi,Mainland China,37.57769,112.2922,2/2/2020,
Sichuan,Mainland China,30.61714,102.7103,2/2/2020,1
Tianjin,Mainland China,39.29362,117.333,2/2/2020,
Tibet,Mainland China,30.1534,88.7879,2/2/2020,
Xinjiang,Mainland China,41.11981,85.17822,2/2/2020,
Yunnan,Mainland China,24.97411,101.4868,2/2/2020,
Zhejiang,Mainland China,29.18251,120.0985,2/2/2020,
,Thailand,13.7563,100.5018,2/2/2020,
,Japan,35.6762,139.6503,2/2/2020,
,South Korea,37.5665,126.978,2/2/2020,
Taiwan,Taiwan,23.6978,120.9605,2/2/2020,
"Seattle, WA",US,47.7511,-120.74,2/2/2020,
"Chicago, IL",US,40.6331,-89.3985,2/2/2020,
"Tempe, AZ",US,34.0489,-111.094,2/2/2020,
Macau,Macau,22.1987,113.5439,2/2/2020,
Hong Kong,Hong Kong,22.3193,114.1694,2/2/2020,
,Singapore,1.3521,103.8198,2/2/2020,
,Vietnam,21.0278,105.8342,2/2/2020,
,France,46.2276,2.2137,2/2/2020,
,Nepal,28.3949,84.124,2/2/2020,
,Malaysia,4.2105,101.9758,2/2/2020,
"Toronto, ON",Canada,43.6532,-79.3832,2/2/2020,
British Columbia,Canada,49.2827,-123.121,2/2/2020,
"Orange, CA",US,33.7879,-117.8531,2/2/2020,
"Los Angeles, CA",US,34.0522,-118.2437,2/2/2020,
New South Wales,Australia,-33.8688,151.2093,2/2/2020,
Victoria,Australia,-37.8136,144.9631,2/2/2020,
Queensland,Australia,-27.4698,153.0251,2/2/2020,
,Cambodia,12.5657,104.991,2/2/2020,
,Sri Lanka,7.8731,80.7718,2/2/2020,
,Germany,51.1657,10.4515,2/2/2020,
,Finland,61.9241,25.7482,2/2/2020,
,United Arab Emirates,23.4241,53.8478,2/2/2020,
,Philippines,12.8797,121.774,2/2/2020,1
,India,20.5937,78.9629,2/2/2020,
"London, ON",Canada,42.9849,-81.2453,2/2/2020,
,Italy,41.8719,12.5674,2/2/2020,
,UK,55.3781,-3.436,2/2/2020,
,Russia,61.524,105.3188,2/2/2020,
,Sweden,60.1282,18.6435,2/2/2020,
"Santa Clara, CA",US,37.3541,-121.9552,2/2/2020,
,Spain,40.4637,-3.7492,2/2/2020,
South Australia,Australia,-34.9285,138.6007,2/2/2020,
"Boston, MA",US,42.3601,-71.0589,2/2/2020,
"San Benito, CA",US,36.5761,-120.9876,2/2/2020,
,Belgium,50.5039,4.4699,2/2/2020,
"Madison, WI",US,43.0731,-89.4012,2/2/2020,
Diamond Princess cruise ship,Others,35.4437,129.638,2/2/2020,
"San Diego County, CA",US,32.7157,-117.1611,2/2/2020,
"San Antonio, TX",US,29.4241,-98.4936,2/2/2020,
Anhui,Mainland China,31.82571,117.2264,2/3/2020,
Beijing,Mainland China,40.18238,116.4142,2/3/2020,1
Chongqing,Mainland China,30.05718,107.874,2/3/2020,2
Fujian,Mainland China,26.07783,117.9895,2/3/2020,
Gansu,Mainland China,36.0611,103.8343,2/3/2020,
Guangdong,Mainland China,23.33841,113.422,2/3/2020,
Guangxi,Mainland China,23.82908,108.7881,2/3/2020,
Guizhou,Mainland China,26.81536,106.8748,2/3/2020,
Hainan,Mainland China,19.19673,109.7455,2/3/2020,1
Hebei,Mainland China,38.0428,114.5149,2/3/2020,1
Heilongjiang,Mainland China,47.862,127.7622,2/3/2020,2
Henan,Mainland China,33.88202,113.614,2/3/2020,2
Hubei,Mainland China,30.97564,112.2707,2/3/2020,414
Hunan,Mainland China,27.61041,111.7088,2/3/2020,
Inner Mongolia,Mainland China,44.09448,113.9456,2/3/2020,
Jiangsu,Mainland China,32.97027,119.464,2/3/2020,
Jiangxi,Mainland China,27.61401,115.7221,2/3/2020,
Jilin,Mainland China,43.66657,126.1917,2/3/2020,
Liaoning,Mainland China,41.29284,122.6086,2/3/2020,
Ningxia,Mainland China,37.26923,106.1655,2/3/2020,
Qinghai,Mainland China,35.65945,96.02564,2/3/2020,
Shaanxi,Mainland China,35.19165,108.8701,2/3/2020,
Shandong,Mainland China,36.34377,118.1529,2/3/2020,
Shanghai,Mainland China,31.20327,121.4554,2/3/2020,1
Shanxi,Mainland China,37.57769,112.2922,2/3/2020,
Sichuan,Mainland China,30.61714,102.7103,2/3/2020,1
Tianjin,Mainland China,39.29362,117.333,2/3/2020,
Tibet,Mainland China,30.1534,88.7879,2/3/2020,
Xinjiang,Mainland China,41.11981,85.17822,2/3/2020,
Yunnan,Mainland China,24.97411,101.4868,2/3/2020,
Zhejiang,Mainland China,29.18251,120.0985,2/3/2020,
,Thailand,13.7563,100.5018,2/3/2020,
,Japan,35.6762,139.6503,2/3/2020,
,South Korea,37.5665,126.978,2/3/2020,
Taiwan,Taiwan,23.6978,120.9605,2/3/2020,
"Seattle, WA",US,47.7511,-120.74,2/3/2020,
"Chicago, IL",US,40.6331,-89.3985,2/3/2020,
"Tempe, AZ",US,34.0489,-111.094,2/3/2020,
Macau,Macau,22.1987,113.5439,2/3/2020,
Hong Kong,Hong Kong,22.3193,114.1694,2/3/2020,
,Singapore,1.3521,103.8198,2/3/2020,
,Vietnam,21.0278,105.8342,2/3/2020,
,France,46.2276,2.2137,2/3/2020,
,Nepal,28.3949,84.124,2/3/2020,
,Malaysia,4.2105,101.9758,2/3/2020,
"Toronto, ON",Canada,43.6532,-79.3832,2/3/2020,
British Columbia,Canada,49.2827,-123.121,2/3/2020,
"Orange, CA",US,33.7879,-117.8531,2/3/2020,
"Los Angeles, CA",US,34.0522,-118.2437,2/3/2020,
New South Wales,Australia,-33.8688,151.2093,2/3/2020,
Victoria,Australia,-37.8136,144.9631,2/3/2020,
Queensland,Australia,-27.4698,153.0251,2/3/2020,
,Cambodia,12.5657,104.991,2/3/2020,
,Sri Lanka,7.8731,80.7718,2/3/2020,
,Germany,51.1657,10.4515,2/3/2020,
,Finland,61.9241,25.7482,2/3/2020,
,United Arab Emirates,23.4241,53.8478,2/3/2020,
,Philippines,12.8797,121.774,2/3/2020,1
,India,20.5937,78.9629,2/3/2020,
"London, ON",Canada,42.9849,-81.2453,2/3/2020,
,Italy,41.8719,12.5674,2/3/2020,
,UK,55.3781,-3.436,2/3/2020,
,Russia,61.524,105.3188,2/3/2020,
,Sweden,60.1282,18.6435,2/3/2020,
"Santa Clara, CA",US,37.3541,-121.9552,2/3/2020,
,Spain,40.4637,-3.7492,2/3/2020,
South Australia,Australia,-34.9285,138.6007,2/3/2020,
"Boston, MA",US,42.3601,-71.0589,2/3/2020,
"San Benito, CA",US,36.5761,-120.9876,2/3/2020,
,Belgium,50.5039,4.4699,2/3/2020,
"Madison, WI",US,43.0731,-89.4012,2/3/2020,
Diamond Princess cruise ship,Others,35.4437,129.638,2/3/2020,
"San Diego County, CA",US,32.7157,-117.1611,2/3/2020,
"San Antonio, TX",US,29.4241,-98.4936,2/3/2020,
Anhui,Mainland China,31.82571,117.2264,2/4/2020,
Beijing,Mainland China,40.18238,116.4142,2/4/2020,1
Chongqing,Mainland China,30.05718,107.874,2/4/2020,2
Fujian,Mainland China,26.07783,117.9895,2/4/2020,
Gansu,Mainland China,36.0611,103.8343,2/4/2020,
Guangdong,Mainland China,23.33841,113.422,2/4/2020,
Guangxi,Mainland China,23.82908,108.7881,2/4/2020,
Guizhou,Mainland China,26.81536,106.8748,2/4/2020,
Hainan,Mainland China,19.19673,109.7455,2/4/2020,1
Hebei,Mainland China,38.0428,114.5149,2/4/2020,1
Heilongjiang,Mainland China,47.862,127.7622,2/4/2020,2
Henan,Mainland China,33.88202,113.614,2/4/2020,2
Hubei,Mainland China,30.97564,112.2707,2/4/2020,479
Hunan,Mainland China,27.61041,111.7088,2/4/2020,
Inner Mongolia,Mainland China,44.09448,113.9456,2/4/2020,
Jiangsu,Mainland China,32.97027,119.464,2/4/2020,
Jiangxi,Mainland China,27.61401,115.7221,2/4/2020,
Jilin,Mainland China,43.66657,126.1917,2/4/2020,
Liaoning,Mainland China,41.29284,122.6086,2/4/2020,
Ningxia,Mainland China,37.26923,106.1655,2/4/2020,
Qinghai,Mainland China,35.65945,96.02564,2/4/2020,
Shaanxi,Mainland China,35.19165,108.8701,2/4/2020,
Shandong,Mainland China,36.34377,118.1529,2/4/2020,
Shanghai,Mainland China,31.20327,121.4554,2/4/2020,1
Shanxi,Mainland China,37.57769,112.2922,2/4/2020,
Sichuan,Mainland China,30.61714,102.7103,2/4/2020,1
Tianjin,Mainland China,39.29362,117.333,2/4/2020,
Tibet,Mainland China,30.1534,88.7879,2/4/2020,
Xinjiang,Mainland China,41.11981,85.17822,2/4/2020,
Yunnan,Mainland China,24.97411,101.4868,2/4/2020,
Zhejiang,Mainland China,29.18251,120.0985,2/4/2020,
,Thailand,13.7563,100.5018,2/4/2020,1
,Japan,35.6762,139.6503,2/4/2020,
,South Korea,37.5665,126.978,2/4/2020,
Taiwan,Taiwan,23.6978,120.9605,2/4/2020,
"Seattle, WA",US,47.7511,-120.74,2/4/2020,
"Chicago, IL",US,40.6331,-89.3985,2/4/2020,
"Tempe, AZ",US,34.0489,-111.094,2/4/2020,
Macau,Macau,22.1987,113.5439,2/4/2020,
Hong Kong,Hong Kong,22.3193,114.1694,2/4/2020,
,Singapore,1.3521,103.8198,2/4/2020,
,Vietnam,21.0278,105.8342,2/4/2020,
,France,46.2276,2.2137,2/4/2020,
,Nepal,28.3949,84.124,2/4/2020,
,Malaysia,4.2105,101.9758,2/4/2020,
"Toronto, ON",Canada,43.6532,-79.3832,2/4/2020,
British Columbia,Canada,49.2827,-123.121,2/4/2020,
"Orange, CA",US,33.7879,-117.8531,2/4/2020,
"Los Angeles, CA",US,34.0522,-118.2437,2/4/2020,
New South Wales,Australia,-33.8688,151.2093,2/4/2020,
Victoria,Australia,-37.8136,144.9631,2/4/2020,
Queensland,Australia,-27.4698,153.0251,2/4/2020,
,Cambodia,12.5657,104.991,2/4/2020,
,Sri Lanka,7.8731,80.7718,2/4/2020,
,Germany,51.1657,10.4515,2/4/2020,
,Finland,61.9241,25.7482,2/4/2020,
,United Arab Emirates,23.4241,53.8478,2/4/2020,
,Philippines,12.8797,121.774,2/4/2020,1
,India,20.5937,78.9629,2/4/2020,
"London, ON",Canada,42.9849,-81.2453,2/4/2020,
,Italy,41.8719,12.5674,2/4/2020,
,UK,55.3781,-3.436,2/4/2020,
,Russia,61.524,105.3188,2/4/2020,
,Sweden,60.1282,18.6435,2/4/2020,
"Santa Clara, CA",US,37.3541,-121.9552,2/4/2020,
,Spain,40.4637,-3.7492,2/4/2020,
South Australia,Australia,-34.9285,138.6007,2/4/2020,
"Boston, MA",US,42.3601,-71.0589,2/4/2020,
"San Benito, CA",US,36.5761,-120.9876,2/4/2020,
,Belgium,50.5039,4.4699,2/4/2020,
"Madison, WI",US,43.0731,-89.4012,2/4/2020,
Diamond Princess cruise ship,Others,35.4437,129.638,2/4/2020,
"San Diego County, CA",US,32.7157,-117.1611,2/4/2020,
"San Antonio, TX",US,29.4241,-98.4936,2/4/2020,
Anhui,Mainland China,31.82571,117.2264,2/5/2020,
Beijing,Mainland China,40.18238,116.4142,2/5/2020,1
Chongqing,Mainland China,30.05718,107.874,2/5/2020,2
Fujian,Mainland China,26.07783,117.9895,2/5/2020,
Gansu,Mainland China,36.0611,103.8343,2/5/2020,
Guangdong,Mainland China,23.33841,113.422,2/5/2020,
Guangxi,Mainland China,23.82908,108.7881,2/5/2020,
Guizhou,Mainland China,26.81536,106.8748,2/5/2020,1
Hainan,Mainland China,19.19673,109.7455,2/5/2020,1
Hebei,Mainland China,38.0428,114.5149,2/5/2020,1
Heilongjiang,Mainland China,47.862,127.7622,2/5/2020,3
Henan,Mainland China,33.88202,113.614,2/5/2020,2
Hubei,Mainland China,30.97564,112.2707,2/5/2020,549
Hunan,Mainland China,27.61041,111.7088,2/5/2020,
Inner Mongolia,Mainland China,44.09448,113.9456,2/5/2020,
Jiangsu,Mainland China,32.97027,119.464,2/5/2020,
Jiangxi,Mainland China,27.61401,115.7221,2/5/2020,
Jilin,Mainland China,43.66657,126.1917,2/5/2020,
Liaoning,Mainland China,41.29284,122.6086,2/5/2020,
Ningxia,Mainland China,37.26923,106.1655,2/5/2020,
Qinghai,Mainland China,35.65945,96.02564,2/5/2020,
Shaanxi,Mainland China,35.19165,108.8701,2/5/2020,
Shandong,Mainland China,36.34377,118.1529,2/5/2020,
Shanghai,Mainland China,31.20327,121.4554,2/5/2020,1
Shanxi,Mainland China,37.57769,112.2922,2/5/2020,
Sichuan,Mainland China,30.61714,102.7103,2/5/2020,1
Tianjin,Mainland China,39.29362,117.333,2/5/2020,1
Tibet,Mainland China,30.1534,88.7879,2/5/2020,
Xinjiang,Mainland China,41.11981,85.17822,2/5/2020,
Yunnan,Mainland China,24.97411,101.4868,2/5/2020,
Zhejiang,Mainland China,29.18251,120.0985,2/5/2020,
,Thailand,13.7563,100.5018,2/5/2020,1
,Japan,35.6762,139.6503,2/5/2020,
,South Korea,37.5665,126.978,2/5/2020,
Taiwan,Taiwan,23.6978,120.9605,2/5/2020,
"Seattle, WA",US,47.7511,-120.74,2/5/2020,
"Chicago, IL",US,40.6331,-89.3985,2/5/2020,
"Tempe, AZ",US,34.0489,-111.094,2/5/2020,
Macau,Macau,22.1987,113.5439,2/5/2020,
Hong Kong,Hong Kong,22.3193,114.1694,2/5/2020,
,Singapore,1.3521,103.8198,2/5/2020,
,Vietnam,21.0278,105.8342,2/5/2020,
,France,46.2276,2.2137,2/5/2020,
,Nepal,28.3949,84.124,2/5/2020,
,Malaysia,4.2105,101.9758,2/5/2020,
"Toronto, ON",Canada,43.6532,-79.3832,2/5/2020,
British Columbia,Canada,49.2827,-123.121,2/5/2020,
"Orange, CA",US,33.7879,-117.8531,2/5/2020,
"Los Angeles, CA",US,34.0522,-118.2437,2/5/2020,
New South Wales,Australia,-33.8688,151.2093,2/5/2020,
Victoria,Australia,-37.8136,144.9631,2/5/2020,
Queensland,Australia,-27.4698,153.0251,2/5/2020,
,Cambodia,12.5657,104.991,2/5/2020,
,Sri Lanka,7.8731,80.7718,2/5/2020,
,Germany,51.1657,10.4515,2/5/2020,
,Finland,61.9241,25.7482,2/5/2020,
,United Arab Emirates,23.4241,53.8478,2/5/2020,
,Philippines,12.8797,121.774,2/5/2020,1
,India,20.5937,78.9629,2/5/2020,
"London, ON",Canada,42.9849,-81.2453,2/5/2020,
,Italy,41.8719,12.5674,2/5/2020,
,UK,55.3781,-3.436,2/5/2020,
,Russia,61.524,105.3188,2/5/2020,
,Sweden,60.1282,18.6435,2/5/2020,
"Santa Clara, CA",US,37.3541,-121.9552,2/5/2020,
,Spain,40.4637,-3.7492,2/5/2020,
South Australia,Australia,-34.9285,138.6007,2/5/2020,
"Boston, MA",US,42.3601,-71.0589,2/5/2020,
"San Benito, CA",US,36.5761,-120.9876,2/5/2020,
,Belgium,50.5039,4.4699,2/5/2020,
"Madison, WI",US,43.0731,-89.4012,2/5/2020,
Diamond Princess cruise ship,Others,35.4437,129.638,2/5/2020,
"San Diego County, CA",US,32.7157,-117.1611,2/5/2020,
"San Antonio, TX",US,29.4241,-98.4936,2/5/2020,
Anhui,Mainland China,31.82571,117.2264,2/6/2020,
Beijing,Mainland China,40.18238,116.4142,2/6/2020,1
Chongqing,Mainland China,30.05718,107.874,2/6/2020,2
Fujian,Mainland China,26.07783,117.9895,2/6/2020,
Gansu,Mainland China,36.0611,103.8343,2/6/2020,
Guangdong,Mainland China,23.33841,113.422,2/6/2020,
Guangxi,Mainland China,23.82908,108.7881,2/6/2020,
Guizhou,Mainland China,26.81536,106.8748,2/6/2020,1
Hainan,Mainland China,19.19673,109.7455,2/6/2020,1
Hebei,Mainland China,38.0428,114.5149,2/6/2020,1
Heilongjiang,Mainland China,47.862,127.7622,2/6/2020,3
Henan,Mainland China,33.88202,113.614,2/6/2020,2
Hubei,Mainland China,30.97564,112.2707,2/6/2020,549
Hunan,Mainland China,27.61041,111.7088,2/6/2020,
Inner Mongolia,Mainland China,44.09448,113.9456,2/6/2020,
Jiangsu,Mainland China,32.97027,119.464,2/6/2020,
Jiangxi,Mainland China,27.61401,115.7221,2/6/2020,
Jilin,Mainland China,43.66657,126.1917,2/6/2020,
Liaoning,Mainland China,41.29284,122.6086,2/6/2020,
Ningxia,Mainland China,37.26923,106.1655,2/6/2020,
Qinghai,Mainland China,35.65945,96.02564,2/6/2020,
Shaanxi,Mainland China,35.19165,108.8701,2/6/2020,
Shandong,Mainland China,36.34377,118.1529,2/6/2020,
Shanghai,Mainland China,31.20327,121.4554,2/6/2020,1
Shanxi,Mainland China,37.57769,112.2922,2/6/2020,
Sichuan,Mainland China,30.61714,102.7103,2/6/2020,1
Tianjin,Mainland China,39.29362,117.333,2/6/2020,1
Tibet,Mainland China,30.1534,88.7879,2/6/2020,
Xinjiang,Mainland China,41.11981,85.17822,2/6/2020,
Yunnan,Mainland China,24.97411,101.4868,2/6/2020,
Zhejiang,Mainland China,29.18251,120.0985,2/6/2020,
,Thailand,13.7563,100.5018,2/6/2020,1
,Japan,35.6762,139.6503,2/6/2020,
,South Korea,37.5665,126.978,2/6/2020,
Taiwan,Taiwan,23.6978,120.9605,2/6/2020,
"Seattle, WA",US,47.7511,-120.74,2/6/2020,
"Chicago, IL",US,40.6331,-89.3985,2/6/2020,
"Tempe, AZ",US,34.0489,-111.094,2/6/2020,
Macau,Macau,22.1987,113.5439,2/6/2020,
Hong Kong,Hong Kong,22.3193,114.1694,2/6/2020,
,Singapore,1.3521,103.8198,2/6/2020,
,Vietnam,21.0278,105.8342,2/6/2020,
,France,46.2276,2.2137,2/6/2020,
,Nepal,28.3949,84.124,2/6/2020,
,Malaysia,4.2105,101.9758,2/6/2020,
"Toronto, ON",Canada,43.6532,-79.3832,2/6/2020,
British Columbia,Canada,49.2827,-123.121,2/6/2020,
"Orange, CA",US,33.7879,-117.8531,2/6/2020,
"Los Angeles, CA",US,34.0522,-118.2437,2/6/2020,
New South Wales,Australia,-33.8688,151.2093,2/6/2020,
Victoria,Australia,-37.8136,144.9631,2/6/2020,
Queensland,Australia,-27.4698,153.0251,2/6/2020,
,Cambodia,12.5657,104.991,2/6/2020,
,Sri Lanka,7.8731,80.7718,2/6/2020,
,Germany,51.1657,10.4515,2/6/2020,
,Finland,61.9241,25.7482,2/6/2020,
,United Arab Emirates,23.4241,53.8478,2/6/2020,
,Philippines,12.8797,121.774,2/6/2020,1
,India,20.5937,78.9629,2/6/2020,
"London, ON",Canada,42.9849,-81.2453,2/6/2020,
,Italy,41.8719,12.5674,2/6/2020,
,UK,55.3781,-3.436,2/6/2020,
,Russia,61.524,105.3188,2/6/2020,
,Sweden,60.1282,18.6435,2/6/2020,
"Santa Clara, CA",US,37.3541,-121.9552,2/6/2020,
,Spain,40.4637,-3.7492,2/6/2020,
South Australia,Australia,-34.9285,138.6007,2/6/2020,
"Boston, MA",US,42.3601,-71.0589,2/6/2020,
"San Benito, CA",US,36.5761,-120.9876,2/6/2020,
,Belgium,50.5039,4.4699,2/6/2020,
"Madison, WI",US,43.0731,-89.4012,2/6/2020,
Diamond Princess cruise ship,Others,35.4437,129.638,2/6/2020,
"San Diego County, CA",US,32.7157,-117.1611,2/6/2020,
"San Antonio, TX",US,29.4241,-98.4936,2/6/2020,
Anhui,Mainland China,31.82571,117.2264,2/7/2020,
Beijing,Mainland China,40.18238,116.4142,2/7/2020,2
Chongqing,Mainland China,30.05718,107.874,2/7/2020,2
Fujian,Mainland China,26.07783,117.9895,2/7/2020,
Gansu,Mainland China,36.0611,103.8343,2/7/2020,1
Guangdong,Mainland China,23.33841,113.422,2/7/2020,1
Guangxi,Mainland China,23.82908,108.7881,2/7/2020,
Guizhou,Mainland China,26.81536,106.8748,2/7/2020,1
Hainan,Mainland China,19.19673,109.7455,2/7/2020,2
Hebei,Mainland China,38.0428,114.5149,2/7/2020,1
Heilongjiang,Mainland China,47.862,127.7622,2/7/2020,5
Henan,Mainland China,33.88202,113.614,2/7/2020,4
Hubei,Mainland China,30.97564,112.2707,2/7/2020,699
Hunan,Mainland China,27.61041,111.7088,2/7/2020,
Inner Mongolia,Mainland China,44.09448,113.9456,2/7/2020,
Jiangsu,Mainland China,32.97027,119.464,2/7/2020,
Jiangxi,Mainland China,27.61401,115.7221,2/7/2020,
Jilin,Mainland China,43.66657,126.1917,2/7/2020,1
Liaoning,Mainland China,41.29284,122.6086,2/7/2020,
Ningxia,Mainland China,37.26923,106.1655,2/7/2020,
Qinghai,Mainland China,35.65945,96.02564,2/7/2020,
Shaanxi,Mainland China,35.19165,108.8701,2/7/2020,
Shandong,Mainland China,36.34377,118.1529,2/7/2020,
Shanghai,Mainland China,31.20327,121.4554,2/7/2020,1
Shanxi,Mainland China,37.57769,112.2922,2/7/2020,
Sichuan,Mainland China,30.61714,102.7103,2/7/2020,1
Tianjin,Mainland China,39.29362,117.333,2/7/2020,1
Tibet,Mainland China,30.1534,88.7879,2/7/2020,
Xinjiang,Mainland China,41.11981,85.17822,2/7/2020,
Yunnan,Mainland China,24.97411,101.4868,2/7/2020,
Zhejiang,Mainland China,29.18251,120.0985,2/7/2020,
,Thailand,13.7563,100.5018,2/7/2020,1
,Japan,35.6762,139.6503,2/7/2020,
,South Korea,37.5665,126.978,2/7/2020,
Taiwan,Taiwan,23.6978,120.9605,2/7/2020,
"Seattle, WA",US,47.7511,-120.74,2/7/2020,
"Chicago, IL",US,40.6331,-89.3985,2/7/2020,
"Tempe, AZ",US,34.0489,-111.094,2/7/2020,
Macau,Macau,22.1987,113.5439,2/7/2020,
Hong Kong,Hong Kong,22.3193,114.1694,2/7/2020,
,Singapore,1.3521,103.8198,2/7/2020,
,Vietnam,21.0278,105.8342,2/7/2020,
,France,46.2276,2.2137,2/7/2020,
,Nepal,28.3949,84.124,2/7/2020,
,Malaysia,4.2105,101.9758,2/7/2020,
"Toronto, ON",Canada,43.6532,-79.3832,2/7/2020,
British Columbia,Canada,49.2827,-123.121,2/7/2020,
"Orange, CA",US,33.7879,-117.8531,2/7/2020,
"Los Angeles, CA",US,34.0522,-118.2437,2/7/2020,
New South Wales,Australia,-33.8688,151.2093,2/7/2020,
Victoria,Australia,-37.8136,144.9631,2/7/2020,
Queensland,Australia,-27.4698,153.0251,2/7/2020,
,Cambodia,12.5657,104.991,2/7/2020,
,Sri Lanka,7.8731,80.7718,2/7/2020,
,Germany,51.1657,10.4515,2/7/2020,
,Finland,61.9241,25.7482,2/7/2020,
,United Arab Emirates,23.4241,53.8478,2/7/2020,
,Philippines,12.8797,121.774,2/7/2020,1
,India,20.5937,78.9629,2/7/2020,
"London, ON",Canada,42.9849,-81.2453,2/7/2020,
,Italy,41.8719,12.5674,2/7/2020,
,UK,55.3781,-3.436,2/7/2020,
,Russia,61.524,105.3188,2/7/2020,
,Sweden,60.1282,18.6435,2/7/2020,
"Santa Clara, CA",US,37.3541,-121.9552,2/7/2020,
,Spain,40.4637,-3.7492,2/7/2020,
South Australia,Australia,-34.9285,138.6007,2/7/2020,
"Boston, MA",US,42.3601,-71.0589,2/7/2020,
"San Benito, CA",US,36.5761,-120.9876,2/7/2020,
,Belgium,50.5039,4.4699,2/7/2020,
"Madison, WI",US,43.0731,-89.4012,2/7/2020,
Diamond Princess cruise ship,Others,35.4437,129.638,2/7/2020,
"San Diego County, CA",US,32.7157,-117.1611,2/7/2020,
"San Antonio, TX",US,29.4241,-98.4936,2/7/2020,
Anhui,Mainland China,31.82571,117.2264,2/8/2020,1
Beijing,Mainland China,40.18238,116.4142,2/8/2020,2
Chongqing,Mainland China,30.05718,107.874,2/8/2020,2
Fujian,Mainland China,26.07783,117.9895,2/8/2020,
Gansu,Mainland China,36.0611,103.8343,2/8/2020,1
Guangdong,Mainland China,23.33841,113.422,2/8/2020,1
Guangxi,Mainland China,23.82908,108.7881,2/8/2020,1
Guizhou,Mainland China,26.81536,106.8748,2/8/2020,1
Hainan,Mainland China,19.19673,109.7455,2/8/2020,2
Hebei,Mainland China,38.0428,114.5149,2/8/2020,2
Heilongjiang,Mainland China,47.862,127.7622,2/8/2020,6
Henan,Mainland China,33.88202,113.614,2/8/2020,6
Hubei,Mainland China,30.97564,112.2707,2/8/2020,78
Hunan,Mainland China,27.61041,111.7088,2/8/2020,1
Inner Mongolia,Mainland China,44.09448,113.9456,2/8/2020,
Jiangsu,Mainland China,32.97027,119.464,2/8/2020,
Jiangxi,Mainland China,27.61401,115.7221,2/8/2020,
Jilin,Mainland China,43.66657,126.1917,2/8/2020,1
Liaoning,Mainland China,41.29284,122.6086,2/8/2020,
Ningxia,Mainland China,37.26923,106.1655,2/8/2020,
Qinghai,Mainland China,35.65945,96.02564,2/8/2020,
Shaanxi,Mainland China,35.19165,108.8701,2/8/2020,
Shandong,Mainland China,36.34377,118.1529,2/8/2020,1
Shanghai,Mainland China,31.20327,121.4554,2/8/2020,1
Shanxi,Mainland China,37.57769,112.2922,2/8/2020,
Sichuan,Mainland China,30.61714,102.7103,2/8/2020,1
Tianjin,Mainland China,39.29362,117.333,2/8/2020,1
Tibet,Mainland China,30.1534,88.7879,2/8/2020,
Xinjiang,Mainland China,41.11981,85.17822,2/8/2020,
Yunnan,Mainland China,24.97411,101.4868,2/8/2020,
Zhejiang,Mainland China,29.18251,120.0985,2/8/2020,
,Thailand,13.7563,100.5018,2/8/2020,1
,Japan,35.6762,139.6503,2/8/2020,
,South Korea,37.5665,126.978,2/8/2020,
Taiwan,Taiwan,23.6978,120.9605,2/8/2020,
"Seattle, WA",US,47.7511,-120.74,2/8/2020,
"Chicago, IL",US,40.6331,-89.3985,2/8/2020,
"Tempe, AZ",US,34.0489,-111.094,2/8/2020,
Macau,Macau,22.1987,113.5439,2/8/2020,
Hong Kong,Hong Kong,22.3193,114.1694,2/8/2020,
,Singapore,1.3521,103.8198,2/8/2020,
,Vietnam,21.0278,105.8342,2/8/2020,
,France,46.2276,2.2137,2/8/2020,
,Nepal,28.3949,84.124,2/8/2020,
,Malaysia,4.2105,101.9758,2/8/2020,
"Toronto, ON",Canada,43.6532,-79.3832,2/8/2020,
British Columbia,Canada,49.2827,-123.121,2/8/2020,
"Orange, CA",US,33.7879,-117.8531,2/8/2020,
"Los Angeles, CA",US,34.0522,-118.2437,2/8/2020,
New South Wales,Australia,-33.8688,151.2093,2/8/2020,
Victoria,Australia,-37.8136,144.9631,2/8/2020,
Queensland,Australia,-27.4698,153.0251,2/8/2020,
,Cambodia,12.5657,104.991,2/8/2020,
,Sri Lanka,7.8731,80.7718,2/8/2020,
,Germany,51.1657,10.4515,2/8/2020,
,Finland,61.9241,25.7482,2/8/2020,
,United Arab Emirates,23.4241,53.8478,2/8/2020,
,Philippines,12.8797,121.774,2/8/2020,1
,India,20.5937,78.9629,2/8/2020,
"London, ON",Canada,42.9849,-81.2453,2/8/2020,
,Italy,41.8719,12.5674,2/8/2020,
,UK,55.3781,-3.436,2/8/2020,
,Russia,61.524,105.3188,2/8/2020,
,Sweden,60.1282,18.6435,2/8/2020,
"Santa Clara, CA",US,37.3541,-121.9552,2/8/2020,
,Spain,40.4637,-3.7492,2/8/2020,
South Australia,Australia,-34.9285,138.6007,2/8/2020,
"Boston, MA",US,42.3601,-71.0589,2/8/2020,
"San Benito, CA",US,36.5761,-120.9876,2/8/2020,
,Belgium,50.5039,4.4699,2/8/2020,
"Madison, WI",US,43.0731,-89.4012,2/8/2020,
Diamond Princess cruise ship,Others,35.4437,129.638,2/8/2020,
"San Diego County, CA",US,32.7157,-117.1611,2/8/2020,
"San Antonio, TX",US,29.4241,-98.4936,2/8/2020,
Anhui,Mainland China,31.82571,117.2264,2/9/2020,3
Beijing,Mainland China,40.18238,116.4142,2/9/2020,2
Chongqing,Mainland China,30.05718,107.874,2/9/2020,2
Fujian,Mainland China,26.07783,117.9895,2/9/2020,
Gansu,Mainland China,36.0611,103.8343,2/9/2020,2
Guangdong,Mainland China,23.33841,113.422,2/9/2020,1
Guangxi,Mainland China,23.82908,108.7881,2/9/2020,1
Guizhou,Mainland China,26.81536,106.8748,2/9/2020,1
Hainan,Mainland China,19.19673,109.7455,2/9/2020,3
Hebei,Mainland China,38.0428,114.5149,2/9/2020,2
Heilongjiang,Mainland China,47.862,127.7622,2/9/2020,7
Henan,Mainland China,33.88202,113.614,2/9/2020,6
Hubei,Mainland China,30.97564,112.2707,2/9/2020,871
Hunan,Mainland China,27.61041,111.7088,2/9/2020,1
Inner Mongolia,Mainland China,44.09448,113.9456,2/9/2020,
Jiangsu,Mainland China,32.97027,119.464,2/9/2020,
Jiangxi,Mainland China,27.61401,115.7221,2/9/2020,1
Jilin,Mainland China,43.66657,126.1917,2/9/2020,1
Liaoning,Mainland China,41.29284,122.6086,2/9/2020,
Ningxia,Mainland China,37.26923,106.1655,2/9/2020,
Qinghai,Mainland China,35.65945,96.02564,2/9/2020,
Shaanxi,Mainland China,35.19165,108.8701,2/9/2020,
Shandong,Mainland China,36.34377,118.1529,2/9/2020,1
Shanghai,Mainland China,31.20327,121.4554,2/9/2020,1
Shanxi,Mainland China,37.57769,112.2922,2/9/2020,
Sichuan,Mainland China,30.61714,102.7103,2/9/2020,1
Tianjin,Mainland China,39.29362,117.333,2/9/2020,1
Tibet,Mainland China,30.1534,88.7879,2/9/2020,
Xinjiang,Mainland China,41.11981,85.17822,2/9/2020,
Yunnan,Mainland China,24.97411,101.4868,2/9/2020,
Zhejiang,Mainland China,29.18251,120.0985,2/9/2020,
,Thailand,13.7563,100.5018,2/9/2020,1
,Japan,35.6762,139.6503,2/9/2020,
,South Korea,37.5665,126.978,2/9/2020,
Taiwan,Taiwan,23.6978,120.9605,2/9/2020,
"Seattle, WA",US,47.7511,-120.74,2/9/2020,
"Chicago, IL",US,40.6331,-89.3985,2/9/2020,
"Tempe, AZ",US,34.0489,-111.094,2/9/2020,
Macau,Macau,22.1987,113.5439,2/9/2020,
Hong Kong,Hong Kong,22.3193,114.1694,2/9/2020,
,Singapore,1.3521,103.8198,2/9/2020,
,Vietnam,21.0278,105.8342,2/9/2020,
,France,46.2276,2.2137,2/9/2020,
,Nepal,28.3949,84.124,2/9/2020,
,Malaysia,4.2105,101.9758,2/9/2020,
"Toronto, ON",Canada,43.6532,-79.3832,2/9/2020,
British Columbia,Canada,49.2827,-123.121,2/9/2020,
"Orange, CA",US,33.7879,-117.8531,2/9/2020,
"Los Angeles, CA",US,34.0522,-118.2437,2/9/2020,
New South Wales,Australia,-33.8688,151.2093,2/9/2020,
Victoria,Australia,-37.8136,144.9631,2/9/2020,
Queensland,Australia,-27.4698,153.0251,2/9/2020,
,Cambodia,12.5657,104.991,2/9/2020,
,Sri Lanka,7.8731,80.7718,2/9/2020,
,Germany,51.1657,10.4515,2/9/2020,
,Finland,61.9241,25.7482,2/9/2020,
,United Arab Emirates,23.4241,53.8478,2/9/2020,
,Philippines,12.8797,121.774,2/9/2020,1
,India,20.5937,78.9629,2/9/2020,
"London, ON",Canada,42.9849,-81.2453,2/9/2020,
,Italy,41.8719,12.5674,2/9/2020,
,UK,55.3781,-3.436,2/9/2020,
,Russia,61.524,105.3188,2/9/2020,
,Sweden,60.1282,18.6435,2/9/2020,
"Santa Clara, CA",US,37.3541,-121.9552,2/9/2020,
,Spain,40.4637,-3.7492,2/9/2020,
South Australia,Australia,-34.9285,138.6007,2/9/2020,
"Boston, MA",US,42.3601,-71.0589,2/9/2020,
"San Benito, CA",US,36.5761,-120.9876,2/9/2020,
,Belgium,50.5039,4.4699,2/9/2020,
"Madison, WI",US,43.0731,-89.4012,2/9/2020,
Diamond Princess cruise ship,Others,35.4437,129.638,2/9/2020,
"San Diego County, CA",US,32.7157,-117.1611,2/9/2020,
"San Antonio, TX",US,29.4241,-98.4936,2/9/2020,
Anhui,Mainland China,31.82571,117.2264,2/10/2020,3
Beijing,Mainland China,40.18238,116.4142,2/10/2020,2
Chongqing,Mainland China,30.05718,107.874,2/10/2020,2
Fujian,Mainland China,26.07783,117.9895,2/10/2020,
Gansu,Mainland China,36.0611,103.8343,2/10/2020,2
Guangdong,Mainland China,23.33841,113.422,2/10/2020,1
Guangxi,Mainland China,23.82908,108.7881,2/10/2020,1
Guizhou,Mainland China,26.81536,106.8748,2/10/2020,1
Hainan,Mainland China,19.19673,109.7455,2/10/2020,3
Hebei,Mainland China,38.0428,114.5149,2/10/2020,2
Heilongjiang,Mainland China,47.862,127.7622,2/10/2020,7
Henan,Mainland China,33.88202,113.614,2/10/2020,6
Hubei,Mainland China,30.97564,112.2707,2/10/2020,974
Hunan,Mainland China,27.61041,111.7088,2/10/2020,1
Inner Mongolia,Mainland China,44.09448,113.9456,2/10/2020,
Jiangsu,Mainland China,32.97027,119.464,2/10/2020,
Jiangxi,Mainland China,27.61401,115.7221,2/10/2020,1
Jilin,Mainland China,43.66657,126.1917,2/10/2020,1
Liaoning,Mainland China,41.29284,122.6086,2/10/2020,
Ningxia,Mainland China,37.26923,106.1655,2/10/2020,
Qinghai,Mainland China,35.65945,96.02564,2/10/2020,
Shaanxi,Mainland China,35.19165,108.8701,2/10/2020,
Shandong,Mainland China,36.34377,118.1529,2/10/2020,1
Shanghai,Mainland China,31.20327,121.4554,2/10/2020,1
Shanxi,Mainland China,37.57769,112.2922,2/10/2020,
Sichuan,Mainland China,30.61714,102.7103,2/10/2020,1
Tianjin,Mainland China,39.29362,117.333,2/10/2020,1
Tibet,Mainland China,30.1534,88.7879,2/10/2020,
Xinjiang,Mainland China,41.11981,85.17822,2/10/2020,
Yunnan,Mainland China,24.97411,101.4868,2/10/2020,
Zhejiang,Mainland China,29.18251,120.0985,2/10/2020,
,Thailand,13.7563,100.5018,2/10/2020,1
,Japan,35.6762,139.6503,2/10/2020,
,South Korea,37.5665,126.978,2/10/2020,
Taiwan,Taiwan,23.6978,120.9605,2/10/2020,
"Seattle, WA",US,47.7511,-120.74,2/10/2020,
"Chicago, IL",US,40.6331,-89.3985,2/10/2020,
"Tempe, AZ",US,34.0489,-111.094,2/10/2020,
Macau,Macau,22.1987,113.5439,2/10/2020,
Hong Kong,Hong Kong,22.3193,114.1694,2/10/2020,
,Singapore,1.3521,103.8198,2/10/2020,
,Vietnam,21.0278,105.8342,2/10/2020,
,France,46.2276,2.2137,2/10/2020,
,Nepal,28.3949,84.124,2/10/2020,
,Malaysia,4.2105,101.9758,2/10/2020,
"Toronto, ON",Canada,43.6532,-79.3832,2/10/2020,
British Columbia,Canada,49.2827,-123.121,2/10/2020,
"Orange, CA",US,33.7879,-117.8531,2/10/2020,
"Los Angeles, CA",US,34.0522,-118.2437,2/10/2020,
New South Wales,Australia,-33.8688,151.2093,2/10/2020,
Victoria,Australia,-37.8136,144.9631,2/10/2020,
Queensland,Australia,-27.4698,153.0251,2/10/2020,
,Cambodia,12.5657,104.991,2/10/2020,
,Sri Lanka,7.8731,80.7718,2/10/2020,
,Germany,51.1657,10.4515,2/10/2020,
,Finland,61.9241,25.7482,2/10/2020,
,United Arab Emirates,23.4241,53.8478,2/10/2020,
,Philippines,12.8797,121.774,2/10/2020,1
,India,20.5937,78.9629,2/10/2020,
"London, ON",Canada,42.9849,-81.2453,2/10/2020,
,Italy,41.8719,12.5674,2/10/2020,
,UK,55.3781,-3.436,2/10/2020,
,Russia,61.524,105.3188,2/10/2020,
,Sweden,60.1282,18.6435,2/10/2020,
"Santa Clara, CA",US,37.3541,-121.9552,2/10/2020,
,Spain,40.4637,-3.7492,2/10/2020,
South Australia,Australia,-34.9285,138.6007,2/10/2020,
"Boston, MA",US,42.3601,-71.0589,2/10/2020,
"San Benito, CA",US,36.5761,-120.9876,2/10/2020,
,Belgium,50.5039,4.4699,2/10/2020,
"Madison, WI",US,43.0731,-89.4012,2/10/2020,
Diamond Princess cruise ship,Others,35.4437,129.638,2/10/2020,
"San Diego County, CA",US,32.7157,-117.1611,2/10/2020,
"San Antonio, TX",US,29.4241,-98.4936,2/10/2020,
Anhui,Mainland China,31.82571,117.2264,2/11/2020,4
Beijing,Mainland China,40.18238,116.4142,2/11/2020,3
Chongqing,Mainland China,30.05718,107.874,2/11/2020,3
Fujian,Mainland China,26.07783,117.9895,2/11/2020,
Gansu,Mainland China,36.0611,103.8343,2/11/2020,2
Guangdong,Mainland China,23.33841,113.422,2/11/2020,1
Guangxi,Mainland China,23.82908,108.7881,2/11/2020,1
Guizhou,Mainland China,26.81536,106.8748,2/11/2020,1
Hainan,Mainland China,19.19673,109.7455,2/11/2020,3
Hebei,Mainland China,38.0428,114.5149,2/11/2020,2
Heilongjiang,Mainland China,47.862,127.7622,2/11/2020,8
Henan,Mainland China,33.88202,113.614,2/11/2020,8
Hubei,Mainland China,30.97564,112.2707,2/11/2020,168
Hunan,Mainland China,27.61041,111.7088,2/11/2020,2
Inner Mongolia,Mainland China,44.09448,113.9456,2/11/2020,
Jiangsu,Mainland China,32.97027,119.464,2/11/2020,
Jiangxi,Mainland China,27.61401,115.7221,2/11/2020,1
Jilin,Mainland China,43.66657,126.1917,2/11/2020,1
Liaoning,Mainland China,41.29284,122.6086,2/11/2020,
Ningxia,Mainland China,37.26923,106.1655,2/11/2020,
Qinghai,Mainland China,35.65945,96.02564,2/11/2020,
Shaanxi,Mainland China,35.19165,108.8701,2/11/2020,
Shandong,Mainland China,36.34377,118.1529,2/11/2020,1
Shanghai,Mainland China,31.20327,121.4554,2/11/2020,1
Shanxi,Mainland China,37.57769,112.2922,2/11/2020,
Sichuan,Mainland China,30.61714,102.7103,2/11/2020,1
Tianjin,Mainland China,39.29362,117.333,2/11/2020,2
Tibet,Mainland China,30.1534,88.7879,2/11/2020,
Xinjiang,Mainland China,41.11981,85.17822,2/11/2020,
Yunnan,Mainland China,24.97411,101.4868,2/11/2020,
Zhejiang,Mainland China,29.18251,120.0985,2/11/2020,
,Thailand,13.7563,100.5018,2/11/2020,1
,Japan,35.6762,139.6503,2/11/2020,
,South Korea,37.5665,126.978,2/11/2020,
Taiwan,Taiwan,23.6978,120.9605,2/11/2020,
"Seattle, WA",US,47.7511,-120.74,2/11/2020,
"Chicago, IL",US,40.6331,-89.3985,2/11/2020,
"Tempe, AZ",US,34.0489,-111.094,2/11/2020,
Macau,Macau,22.1987,113.5439,2/11/2020,
Hong Kong,Hong Kong,22.3193,114.1694,2/11/2020,
,Singapore,1.3521,103.8198,2/11/2020,
,Vietnam,21.0278,105.8342,2/11/2020,
,France,46.2276,2.2137,2/11/2020,
,Nepal,28.3949,84.124,2/11/2020,
,Malaysia,4.2105,101.9758,2/11/2020,
"Toronto, ON",Canada,43.6532,-79.3832,2/11/2020,
British Columbia,Canada,49.2827,-123.121,2/11/2020,
"Orange, CA",US,33.7879,-117.8531,2/11/2020,
"Los Angeles, CA",US,34.0522,-118.2437,2/11/2020,
New South Wales,Australia,-33.8688,151.2093,2/11/2020,
Victoria,Australia,-37.8136,144.9631,2/11/2020,
Queensland,Australia,-27.4698,153.0251,2/11/2020,
,Cambodia,12.5657,104.991,2/11/2020,
,Sri Lanka,7.8731,80.7718,2/11/2020,
,Germany,51.1657,10.4515,2/11/2020,
,Finland,61.9241,25.7482,2/11/2020,
,United Arab Emirates,23.4241,53.8478,2/11/2020,
,Philippines,12.8797,121.774,2/11/2020,1
,India,20.5937,78.9629,2/11/2020,
"London, ON",Canada,42.9849,-81.2453,2/11/2020,
,Italy,41.8719,12.5674,2/11/2020,
,UK,55.3781,-3.436,2/11/2020,
,Russia,61.524,105.3188,2/11/2020,
,Sweden,60.1282,18.6435,2/11/2020,
"Santa Clara, CA",US,37.3541,-121.9552,2/11/2020,
,Spain,40.4637,-3.7492,2/11/2020,
South Australia,Australia,-34.9285,138.6007,2/11/2020,
"Boston, MA",US,42.3601,-71.0589,2/11/2020,
"San Benito, CA",US,36.5761,-120.9876,2/11/2020,
,Belgium,50.5039,4.4699,2/11/2020,
"Madison, WI",US,43.0731,-89.4012,2/11/2020,
Diamond Princess cruise ship,Others,35.4437,129.638,2/11/2020,
"San Diego County, CA",US,32.7157,-117.1611,2/11/2020,
"San Antonio, TX",US,29.4241,-98.4936,2/11/2020,
Anhui,Mainland China,31.82571,117.2264,2/12/2020,5
Beijing,Mainland China,40.18238,116.4142,2/12/2020,3
Chongqing,Mainland China,30.05718,107.874,2/12/2020,3
Fujian,Mainland China,26.07783,117.9895,2/12/2020,
Gansu,Mainland China,36.0611,103.8343,2/12/2020,2
Guangdong,Mainland China,23.33841,113.422,2/12/2020,2
Guangxi,Mainland China,23.82908,108.7881,2/12/2020,2
Guizhou,Mainland China,26.81536,106.8748,2/12/2020,1
Hainan,Mainland China,19.19673,109.7455,2/12/2020,4
Hebei,Mainland China,38.0428,114.5149,2/12/2020,3
Heilongjiang,Mainland China,47.862,127.7622,2/12/2020,9
Henan,Mainland China,33.88202,113.614,2/12/2020,1
Hubei,Mainland China,30.97564,112.2707,2/12/2020,131
Hunan,Mainland China,27.61041,111.7088,2/12/2020,2
Inner Mongolia,Mainland China,44.09448,113.9456,2/12/2020,
Jiangsu,Mainland China,32.97027,119.464,2/12/2020,
Jiangxi,Mainland China,27.61401,115.7221,2/12/2020,1
Jilin,Mainland China,43.66657,126.1917,2/12/2020,1
Liaoning,Mainland China,41.29284,122.6086,2/12/2020,1
Ningxia,Mainland China,37.26923,106.1655,2/12/2020,
Qinghai,Mainland China,35.65945,96.02564,2/12/2020,
Shaanxi,Mainland China,35.19165,108.8701,2/12/2020,
Shandong,Mainland China,36.34377,118.1529,2/12/2020,2
Shanghai,Mainland China,31.20327,121.4554,2/12/2020,1
Shanxi,Mainland China,37.57769,112.2922,2/12/2020,
Sichuan,Mainland China,30.61714,102.7103,2/12/2020,1
Tianjin,Mainland China,39.29362,117.333,2/12/2020,2
Tibet,Mainland China,30.1534,88.7879,2/12/2020,
Xinjiang,Mainland China,41.11981,85.17822,2/12/2020,1
Yunnan,Mainland China,24.97411,101.4868,2/12/2020,
Zhejiang,Mainland China,29.18251,120.0985,2/12/2020,
,Thailand,13.7563,100.5018,2/12/2020,1
,Japan,35.6762,139.6503,2/12/2020,
,South Korea,37.5665,126.978,2/12/2020,
Taiwan,Taiwan,23.6978,120.9605,2/12/2020,
"Seattle, WA",US,47.7511,-120.74,2/12/2020,
"Chicago, IL",US,40.6331,-89.3985,2/12/2020,
"Tempe, AZ",US,34.0489,-111.094,2/12/2020,
Macau,Macau,22.1987,113.5439,2/12/2020,
Hong Kong,Hong Kong,22.3193,114.1694,2/12/2020,
,Singapore,1.3521,103.8198,2/12/2020,
,Vietnam,21.0278,105.8342,2/12/2020,
,France,46.2276,2.2137,2/12/2020,
,Nepal,28.3949,84.124,2/12/2020,
,Malaysia,4.2105,101.9758,2/12/2020,
"Toronto, ON",Canada,43.6532,-79.3832,2/12/2020,
British Columbia,Canada,49.2827,-123.121,2/12/2020,
"Orange, CA",US,33.7879,-117.8531,2/12/2020,
"Los Angeles, CA",US,34.0522,-118.2437,2/12/2020,
New South Wales,Australia,-33.8688,151.2093,2/12/2020,
Victoria,Australia,-37.8136,144.9631,2/12/2020,
Queensland,Australia,-27.4698,153.0251,2/12/2020,
,Cambodia,12.5657,104.991,2/12/2020,
,Sri Lanka,7.8731,80.7718,2/12/2020,
,Germany,51.1657,10.4515,2/12/2020,
,Finland,61.9241,25.7482,2/12/2020,
,United Arab Emirates,23.4241,53.8478,2/12/2020,
,Philippines,12.8797,121.774,2/12/2020,1
,India,20.5937,78.9629,2/12/2020,
"London, ON",Canada,42.9849,-81.2453,2/12/2020,
,Italy,41.8719,12.5674,2/12/2020,
,UK,55.3781,-3.436,2/12/2020,
,Russia,61.524,105.3188,2/12/2020,
,Sweden,60.1282,18.6435,2/12/2020,
"Santa Clara, CA",US,37.3541,-121.9552,2/12/2020,
,Spain,40.4637,-3.7492,2/12/2020,
South Australia,Australia,-34.9285,138.6007,2/12/2020,
"Boston, MA",US,42.3601,-71.0589,2/12/2020,
"San Benito, CA",US,36.5761,-120.9876,2/12/2020,
,Belgium,50.5039,4.4699,2/12/2020,
"Madison, WI",US,43.0731,-89.4012,2/12/2020,
Diamond Princess cruise ship,Others,35.4437,129.638,2/12/2020,
"San Diego County, CA",US,32.7157,-117.1611,2/12/2020,
"San Antonio, TX",US,29.4241,-98.4936,2/12/2020,
Anhui,Mainland China,31.82571,117.2264,2/13/2020,6
Beijing,Mainland China,40.18238,116.4142,2/13/2020,3
Chongqing,Mainland China,30.05718,107.874,2/13/2020,4
Fujian,Mainland China,26.07783,117.9895,2/13/2020,
Gansu,Mainland China,36.0611,103.8343,2/13/2020,2
Guangdong,Mainland China,23.33841,113.422,2/13/2020,2
Guangxi,Mainland China,23.82908,108.7881,2/13/2020,2
Guizhou,Mainland China,26.81536,106.8748,2/13/2020,1
Hainan,Mainland China,19.19673,109.7455,2/13/2020,4
Hebei,Mainland China,38.0428,114.5149,2/13/2020,3
Heilongjiang,Mainland China,47.862,127.7622,2/13/2020,11
Henan,Mainland China,33.88202,113.614,2/13/2020,11
Hubei,Mainland China,30.97564,112.2707,2/13/2020,1426
Hunan,Mainland China,27.61041,111.7088,2/13/2020,2
Inner Mongolia,Mainland China,44.09448,113.9456,2/13/2020,
Jiangsu,Mainland China,32.97027,119.464,2/13/2020,
Jiangxi,Mainland China,27.61401,115.7221,2/13/2020,1
Jilin,Mainland China,43.66657,126.1917,2/13/2020,1
Liaoning,Mainland China,41.29284,122.6086,2/13/2020,1
Ningxia,Mainland China,37.26923,106.1655,2/13/2020,
Qinghai,Mainland China,35.65945,96.02564,2/13/2020,
Shaanxi,Mainland China,35.19165,108.8701,2/13/2020,
Shandong,Mainland China,36.34377,118.1529,2/13/2020,2
Shanghai,Mainland China,31.20327,121.4554,2/13/2020,1
Shanxi,Mainland China,37.57769,112.2922,2/13/2020,
Sichuan,Mainland China,30.61714,102.7103,2/13/2020,1
Tianjin,Mainland China,39.29362,117.333,2/13/2020,3
Tibet,Mainland China,30.1534,88.7879,2/13/2020,
Xinjiang,Mainland China,41.11981,85.17822,2/13/2020,1
Yunnan,Mainland China,24.97411,101.4868,2/13/2020,
Zhejiang,Mainland China,29.18251,120.0985,2/13/2020,
,Thailand,13.7563,100.5018,2/13/2020,1
,Japan,35.6762,139.6503,2/13/2020,
,South Korea,37.5665,126.978,2/13/2020,
Taiwan,Taiwan,23.6978,120.9605,2/13/2020,
"Seattle, WA",US,47.7511,-120.74,2/13/2020,
"Chicago, IL",US,40.6331,-89.3985,2/13/2020,
"Tempe, AZ",US,34.0489,-111.094,2/13/2020,1
Macau,Macau,22.1987,113.5439,2/13/2020,
Hong Kong,Hong Kong,22.3193,114.1694,2/13/2020,
,Singapore,1.3521,103.8198,2/13/2020,
,Vietnam,21.0278,105.8342,2/13/2020,
,France,46.2276,2.2137,2/13/2020,
,Nepal,28.3949,84.124,2/13/2020,
,Malaysia,4.2105,101.9758,2/13/2020,
"Toronto, ON",Canada,43.6532,-79.3832,2/13/2020,
British Columbia,Canada,49.2827,-123.121,2/13/2020,
"Orange, CA",US,33.7879,-117.8531,2/13/2020,
"Los Angeles, CA",US,34.0522,-118.2437,2/13/2020,
New South Wales,Australia,-33.8688,151.2093,2/13/2020,
Victoria,Australia,-37.8136,144.9631,2/13/2020,
Queensland,Australia,-27.4698,153.0251,2/13/2020,
,Cambodia,12.5657,104.991,2/13/2020,
,Sri Lanka,7.8731,80.7718,2/13/2020,
,Germany,51.1657,10.4515,2/13/2020,
,Finland,61.9241,25.7482,2/13/2020,
,United Arab Emirates,23.4241,53.8478,2/13/2020,
,Philippines,12.8797,121.774,2/13/2020,1
,India,20.5937,78.9629,2/13/2020,
"London, ON",Canada,42.9849,-81.2453,2/13/2020,
,Italy,41.8719,12.5674,2/13/2020,
,UK,55.3781,-3.436,2/13/2020,
,Russia,61.524,105.3188,2/13/2020,
,Sweden,60.1282,18.6435,2/13/2020,
"Santa Clara, CA",US,37.3541,-121.9552,2/13/2020,
,Spain,40.4637,-3.7492,2/13/2020,
South Australia,Australia,-34.9285,138.6007,2/13/2020,
"Boston, MA",US,42.3601,-71.0589,2/13/2020,
"San Benito, CA",US,36.5761,-120.9876,2/13/2020,
,Belgium,50.5039,4.4699,2/13/2020,
"Madison, WI",US,43.0731,-89.4012,2/13/2020,
Diamond Princess cruise ship,Others,35.4437,129.638,2/13/2020,
"San Diego County, CA",US,32.7157,-117.1611,2/13/2020,
"San Antonio, TX",US,29.4241,-98.4936,2/13/2020,
Anhui,Mainland China,31.82571,117.2264,2/14/2020,6
Beijing,Mainland China,40.18238,116.4142,2/14/2020,3
Chongqing,Mainland China,30.05718,107.874,2/14/2020,5
Fujian,Mainland China,26.07783,117.9895,2/14/2020,
Gansu,Mainland China,36.0611,103.8343,2/14/2020,2
Guangdong,Mainland China,23.33841,113.422,2/14/2020,2
Guangxi,Mainland China,23.82908,108.7881,2/14/2020,2
Guizhou,Mainland China,26.81536,106.8748,2/14/2020,1
Hainan,Mainland China,19.19673,109.7455,2/14/2020,4
Hebei,Mainland China,38.0428,114.5149,2/14/2020,3
Heilongjiang,Mainland China,47.862,127.7622,2/14/2020,11
Henan,Mainland China,33.88202,113.614,2/14/2020,11
Hubei,Mainland China,30.97564,112.2707,2/14/2020,1318
Hunan,Mainland China,27.61041,111.7088,2/14/2020,2
Inner Mongolia,Mainland China,44.09448,113.9456,2/14/2020,
Jiangsu,Mainland China,32.97027,119.464,2/14/2020,
Jiangxi,Mainland China,27.61401,115.7221,2/14/2020,1
Jilin,Mainland China,43.66657,126.1917,2/14/2020,1
Liaoning,Mainland China,41.29284,122.6086,2/14/2020,1
Ningxia,Mainland China,37.26923,106.1655,2/14/2020,
Qinghai,Mainland China,35.65945,96.02564,2/14/2020,
Shaanxi,Mainland China,35.19165,108.8701,2/14/2020,
Shandong,Mainland China,36.34377,118.1529,2/14/2020,2
Shanghai,Mainland China,31.20327,121.4554,2/14/2020,1
Shanxi,Mainland China,37.57769,112.2922,2/14/2020,
Sichuan,Mainland China,30.61714,102.7103,2/14/2020,1
Tianjin,Mainland China,39.29362,117.333,2/14/2020,3
Tibet,Mainland China,30.1534,88.7879,2/14/2020,
Xinjiang,Mainland China,41.11981,85.17822,2/14/2020,1
Yunnan,Mainland China,24.97411,101.4868,2/14/2020,
Zhejiang,Mainland China,29.18251,120.0985,2/14/2020,
,Thailand,13.7563,100.5018,2/14/2020,1
,Japan,35.6762,139.6503,2/14/2020,
,South Korea,37.5665,126.978,2/14/2020,
Taiwan,Taiwan,23.6978,120.9605,2/14/2020,
"Seattle, WA",US,47.7511,-120.74,2/14/2020,
"Chicago, IL",US,40.6331,-89.3985,2/14/2020,
"Tempe, AZ",US,34.0489,-111.094,2/14/2020,1
Macau,Macau,22.1987,113.5439,2/14/2020,
Hong Kong,Hong Kong,22.3193,114.1694,2/14/2020,
,Singapore,1.3521,103.8198,2/14/2020,
,Vietnam,21.0278,105.8342,2/14/2020,
,France,46.2276,2.2137,2/14/2020,
,Nepal,28.3949,84.124,2/14/2020,
,Malaysia,4.2105,101.9758,2/14/2020,
"Toronto, ON",Canada,43.6532,-79.3832,2/14/2020,
British Columbia,Canada,49.2827,-123.121,2/14/2020,
"Orange, CA",US,33.7879,-117.8531,2/14/2020,
"Los Angeles, CA",US,34.0522,-118.2437,2/14/2020,
New South Wales,Australia,-33.8688,151.2093,2/14/2020,
Victoria,Australia,-37.8136,144.9631,2/14/2020,
Queensland,Australia,-27.4698,153.0251,2/14/2020,
,Cambodia,12.5657,104.991,2/14/2020,
,Sri Lanka,7.8731,80.7718,2/14/2020,
,Germany,51.1657,10.4515,2/14/2020,
,Finland,61.9241,25.7482,2/14/2020,
,United Arab Emirates,23.4241,53.8478,2/14/2020,
,Philippines,12.8797,121.774,2/14/2020,1
,India,20.5937,78.9629,2/14/2020,
"London, ON",Canada,42.9849,-81.2453,2/14/2020,
,Italy,41.8719,12.5674,2/14/2020,
,UK,55.3781,-3.436,2/14/2020,
,Russia,61.524,105.3188,2/14/2020,
,Sweden,60.1282,18.6435,2/14/2020,
"Santa Clara, CA",US,37.3541,-121.9552,2/14/2020,
,Spain,40.4637,-3.7492,2/14/2020,
South Australia,Australia,-34.9285,138.6007,2/14/2020,
"Boston, MA",US,42.3601,-71.0589,2/14/2020,
"San Benito, CA",US,36.5761,-120.9876,2/14/2020,
,Belgium,50.5039,4.4699,2/14/2020,
"Madison, WI",US,43.0731,-89.4012,2/14/2020,
Diamond Princess cruise ship,Others,35.4437,129.638,2/14/2020,
"San Diego County, CA",US,32.7157,-117.1611,2/14/2020,
"San Antonio, TX",US,29.4241,-98.4936,2/14/2020,
